ID_Record,Address ID,Bus External ID,Legal Account ID,Address Street,City,State,Zip Code,Registered Country,Original Country
877,45098190,4XUJ0908,29385482,9626 Peach Ave,Rainbow City,Tennessee,,US,RUS
273,78282413,6WDY0542,76421577,4756 Sycamore Pl,Fairview,Maryland,80882,US,RUS
373,53274249,2YNO0986,73675299,1358 Magnolia Boulevard,Brookfield,Wisconsin,48679,US,RUS
653,41074141,6DJA0531,63001592,6005 Spruce Sq,Rainbow City,North Dakota,,US,RUS
913,17081446,2CZR0918,83054319,Sequoia Lp,Mapleton,Louisiana,29033,US,RUS
249,68701700,8FRV0408,93588489,Maple Ctr,Greenfield,North Dakota,,US,RUS
710,86210698,5MLJ0217,54910698,8759 Sycamore Pkwy,Lakeside,South Dakota,95316,US,RUS
485,46252134,9FWR0602,28980847,6701 Magnolia Ter,Rockville,Louisiana,90146,US,RUS
786,32344168,9GNA0416,21110510,3728 Spruce Pl,Sunnyvale,Rhode Island,68292,US,RUS
994,88387391,7NZF0146,37639220,1847 Chestnut Mill,Rainbow City,Kentucky,35223,US,RUS
338,85147159,4IVB0821,79177670,7895 Sequoia Aly,Lakeside,Hawaii,67001,US,RUS
88,17488440,0FEW0827,18289456,6477 Cedar Sq,Fairview,Maryland,13425,US,RUS
552,30258933,1ASM0540,87623877,5621 Sycamore Aly,Harborview,Louisiana,42951,US,RUS
325,68424776,2BVM0346,88074438,7543 Cedar Trl,Cliffside,Colorado,,US,RUS
230,82336394,4KLK0756,57814916,6346 Aspen Center,Rainbow City,Mississippi,61394,US,RUS
693,68571659,8YUY0009,37773191,1550 Oak Xing,Rivertown,Colorado,89135,US,RUS
571,38991079,2DKM0400,80238462,9306 Redwood Sq,Rockville,Wyoming,26468,US,RUS
88,66547407,9SSD0831,89134368,7682 Poplar Ave,Mapleton,Michigan,79346,US,RUS
953,20780939,6WZX0187,87910940,4876 Maple GardensCrescent,Kingsport,Nebraska,84474,US,RUS
157,79051114,7NZF0146,68597943,7343 Redwood Aly,Lakeview,Tennessee,,US,RUS
356,48100808,6JUD0418,53250221,4915 Maple Pl,Springfield,Virginia,21695,US,RUS
846,16148534,4FAB0251,44344106,7331 Pine Lp,Westbrook,Ohio,61554,US,RUS
101,87482300,2IUJ0252,74382849,5621 Aspen Ctr,Ridgecrest,Vermont,98968,US,RUS
356,13764709,8TID0447,60171557,4633 Sycamore Ln,Springfield,Louisiana,,US,RUS
328,62076593,0GWT0119,16806072,9333 Oak Str,Easton,Hawaii,,US,RUS
228,47302241,4WSI0587,76477587,5184 Sycamore Lp,Sunset Hills,Utah,90283,US,RUS
194,80188763,1MOZ0709,34062388,2656 Sequoia Ter,Greenfield,Mississippi,91271,US,RUS
71,14628418,8YWE0070,88007260,362 Pine Ter,Rivertown,Delaware,35180,US,RUS
996,10263833,9MGY0798,30342357,754 Spruce Dr,Westbrook,Alabama,59209,US,RUS
886,16538415,0YSF0641,81792117,4543 Oak Blvd,Ridgecrest,Tennessee,44179,US,RUS
337,19147842,8XBQ0472,86266315,6677 Cherry Sq,Rockville,Wisconsin,88453,US,RUS
619,79152771,2RPP0509,50986295,4412 Elm Rd,Meadowville,Wisconsin,30245,US,RUS
915,37894022,3FJT0536,95538225,5999 Chestnut GardensCrescent,Sunnyvale,New Jersey,43978,US,RUS
623,33699185,0OPA0167,17981348,7994 Cedar Pkwy,Sunset Hills,Nebraska,40812,US,RUS
440,82830839,1CAW0777,71470165,Birch Mill,Cliffside,North Carolina,87634,US,RUS
651,61989482,1EQS0658,45013532,7594 Hickory Parkway,Springfield,West Virginia,43161,US,RUS
92,15016262,5TAD0949,59581317,7202 Birch GardensCrescent,Lakeside,Tennessee,51983,US,RUS
938,64878326,3FNE0235,66552674,8833 Sycamore Ctr,Greenfield,Delaware,51737,US,RUS
950,39688039,5VXP0121,23362553,6209 Aspen Ave,Greenfield,Maryland,15600,US,RUS
986,84400855,2PXM0497,88467734,Poplar Ctr,Ridgecrest,Illinois,47722,US,RUS
66,67243915,8RJM0901,22247056,1918 Peach GardensCrescent,Rockville,Virginia,60375,US,RUS
710,30005766,5QPG0910,23832603,5038 Elm Highway,Harborview,Minnesota,24189,US,RUS
619,40635398,0QOZ0774,44011808,4960 Aspen Aly,Eaglewood,Arkansas,44690,US,RUS
845,38563885,7FGQ0164,60165900,6716 Maple Blvd,Springfield,Delaware,34905,US,RUS
343,88675739,5MUW0525,82915360,2295 Chestnut Pl,Meadowville,Florida,64810,US,RUS
813,58335111,4GJA0084,45989749,8041 Sycamore Lp,Mapleton,South Dakota,82439,US,RUS
708,33429565,4XUJ0908,28902520,5322 Walnut Highway,Westbrook,Oregon,10486,US,RUS
659,88074438,4UDZ0676,55308154,3042 Redwood Lp,Ridgecrest,New Hampshire,86452,US,RUS
853,67449811,1ELR0992,69582047,5 Walnut Center,Meadowville,Idaho,23640,US,RUS
441,60974153,4SBR0205,69715333,6778 Sequoia Ter,Rainbow City,Illinois,,US,RUS
6,80846630,5SZD0492,90779288,6731 Redwood Str,Mapleton,Utah,,US,RUS
233,38031094,2RPP0509,37454829,Birch Trl,Sunnyvale,Georgia,25835,US,RUS
346,17972223,3XAI0520,25424730,5866 Cherry Ctr,Fairview,Kentucky,21904,US,RUS
273,21643845,1CIZ0964,27798686,1859 Cedar Sq,Fairview,Wyoming,85444,US,RUS
818,96709480,4UJN0081,85385775,4076 Magnolia Ter,Rockville,Alaska,16030,US,RUS
953,84446142,6IXT0482,91917757,Chestnut Dr,Harborview,Maine,95950,US,RUS
445,78997439,9QOD0650,47108351,7 Laurel Aly,Sunset Hills,California,41719,US,RUS
717,28078006,2SQP0727,98286561,4794 Aspen Pl,Cliffside,Michigan,59266,US,RUS
109,74302322,9UVT0110,73726461,Walnut Mill,Easton,Maryland,26499,US,RUS
206,95056949,0JOQ0555,71507569,3740 Elm Blvd,Greenfield,Wisconsin,20362,US,RUS
933,43672606,8DWB0007,79618689,7524 Pine Pl,Meadowville,Montana,23404,US,RUS
454,83248986,9RTI0130,19403046,5037 Sequoia GardensCrescent,Harborview,Michigan,,US,RUS
278,86270822,6HPI0813,94881252,1 Redwood Ter,Harborview,Connecticut,24748,US,RUS
928,52046885,7OMI0776,31676836,2130 Redwood Ter,Brookfield,North Dakota,34888,US,RUS
710,78231333,6SJZ0411,26496086,7064 Willow GardensCrescent,Rivertown,California,27887,US,RUS
596,60284517,2DIY0252,56300201,9584 Cherry Pkwy,Ridgecrest,Colorado,92961,US,RUS
472,11192066,9JOV0241,67292498,3818 Peach Lp,Rivertown,Utah,,US,RUS
130,60664996,3IFW0330,45272520,459 Sycamore Str,Westbrook,Hawaii,35033,US,RUS
277,60651304,4XIV0594,38563885,7899 Pine Lane,Springfield,Alaska,26215,US,RUS
639,41548069,7MLP0237,66243951,123 Walnut Mill,Lakeview,New Mexico,,US,RUS
215,81243037,0JOT0653,77039478,7526 Sycamore Circle,Mapleton,Idaho,96597,US,RUS
547,99387492,7COG0915,26139044,9218 Spruce Lp,Rockville,Oklahoma,,US,RUS
593,15209281,4JTM0382,75711159,2217 Sequoia Mill,Ridgecrest,Nebraska,19919,US,RUS
126,37639220,6RWT0543,40510830,5843 Spruce Ln,Lakeside,Idaho,80913,US,RUS
422,89955809,1SLT0033,61280142,4882 Sycamore Aly,Kingsport,Arizona,89385,US,RUS
699,97135333,4UUI0513,87010936,6921 Hickory Sq,Westbrook,Kentucky,35039,US,RUS
640,19968148,8QAY0920,34384230,7201 Magnolia Ln,Westbrook,South Carolina,78232,US,RUS
912,76350607,7KAW0243,30358728,4295 Peach Pkwy,Springfield,Kentucky,37491,US,RUS
713,65877123,4TFK0954,27442307,7260 Elm Highway,Easton,Alabama,13779,US,RUS
988,30796026,6LBV0794,56803801,435 Laurel Circle,Rockville,Louisiana,54716,US,RUS
840,35640634,3FXJ0725,67449811,9908 Oak Dr,Harborview,Oklahoma,91639,US,RUS
121,51327477,4KLK0756,99828659,Chestnut Ctr,Meadowville,New Mexico,59060,US,RUS
874,52048326,6ISN0506,29727761,4427 Hickory Ave,Rockville,Idaho,52880,US,RUS
641,17180297,5JUJ0852,82989756,9055 Pine Ct,Kingsport,Ohio,80544,US,RUS
807,56095484,2TNQ0332,44510644,7791 Walnut Circle,Rainbow City,Montana,34945,US,RUS
990,91135906,2COI0836,66813463,3834 Cedar Pl,Westbrook,Texas,93803,US,RUS
557,91554021,4ZFN0345,83503463,8893 Aspen Xing,Fairview,New Mexico,,US,RUS
509,63540920,5ECP0559,58383414,1641 Oak Sq,Cliffside,South Dakota,98655,US,RUS
438,81434054,5NXS0876,44510644,8713 Aspen Lp,Springfield,Virginia,,US,RUS
909,64908388,3VYG0673,46870983,4418 Sequoia Trl,Rainbow City,Alabama,52460,US,RUS
530,67805941,1MTF0532,56678565,6 Sequoia Rd,Rainbow City,Wyoming,,US,RUS
835,88860178,6IXE0162,19117745,1313 Aspen Pkwy,Mapleton,West Virginia,79688,US,RUS
545,44510644,1VZV0372,55525241,178 Maple Rd,Harborview,Montana,21604,US,RUS
838,62420566,5MTL0715,36776425,9722 Laurel Highway,Fairview,New York,47285,US,RUS
691,53120024,0VHG0143,66411263,5645 Sequoia Trl,Lakeside,Texas,21427,US,RUS
129,82132774,5MPD0651,17675772,Pine Ave,Ridgecrest,West Virginia,51985,US,RUS
512,70752146,7REB0846,90602675,7510 Willow Mill,Ridgecrest,Illinois,62024,US,RUS
585,52209813,7BKF0681,84446142,5546 Sycamore Lp,Cliffside,New Jersey,,US,RUS
847,60988514,3FXJ0725,44011808,751 Walnut Blvd,Kingsport,Montana,81304,US,RUS
529,61441563,0YTZ0101,77039478,1084 Laurel Pl,Springfield,Texas,65758,US,RUS
308,55420199,4IZH0975,19456227,8492 Magnolia Circle,Hilltop,Wisconsin,43995,US,RUS
96,33771779,8GTS0254,54780877,731 Cherry Highway,Kingsport,Alabama,60117,US,RUS
879,33722886,8POP0632,84129252,3027 Pine Pl,Brookfield,Louisiana,51147,US,RUS
377,20361857,2IJF0028,49948663,2799 Aspen GardensCrescent,Meadowville,Wisconsin,32116,US,RUS
777,32173805,8XJR0126,91653594,2030 Poplar Ctr,Eaglewood,Hawaii,86270,US,RUS
530,67583285,9FLR0577,51360087,308 Redwood Trail,Ridgecrest,Virginia,56614,US,RUS
154,52062651,7OEG0110,81086143,7857 Birch Loop,Fairview,Louisiana,42573,US,RUS
7,92486693,4RRH0553,48100808,2389 Cedar Xing,Easton,South Carolina,,US,RUS
367,72829139,9HBX0666,44514217,Sequoia Blvd,Sunnyvale,Connecticut,14113,US,RUS
10,46538524,8PSB0298,82490331,1756 Willow Ave,Mapleton,Arizona,64239,US,RUS
927,68766296,2XOB0184,45989749,4544 Cypress Ln,Lakeview,Wisconsin,97862,US,RUS
602,62640255,7XRJ0106,97073481,4044 Walnut Pl,Lakeview,New York,,US,RUS
698,79775376,4EYY0758,15209281,9959 Pine Str,Sunset Hills,Wisconsin,61833,US,RUS
421,70689194,7ZAA0721,26331440,1 Peach Str,Fairview,North Carolina,75068,US,RUS
485,18572216,3KRC0350,57556729,3447 Laurel Dr,Rivertown,Wisconsin,94152,US,RUS
810,19901546,8JWL0804,32998666,9432 Elm Mill,Mapleton,Illinois,,US,RUS
871,36961268,1JOH0344,35780302,8580 Magnolia Circle,Greenfield,Indiana,53734,US,RUS
670,65134427,5TNQ0620,71468481,Maple Highway,Sunnyvale,Florida,30381,US,RUS
849,21259723,3GQJ0617,73605156,8 Spruce Xing,Ridgecrest,Oregon,51313,US,RUS
552,23362553,0CZG0849,18492606,3521 Poplar Str,Lakeside,New Jersey,44425,US,RUS
823,83054319,3NOC0273,84804428,3936 Cypress Ave,Ridgecrest,New Jersey,23281,US,RUS
996,54780877,3LHV0596,92710956,4 Maple Xing,Harborview,Mississippi,18100,US,RUS
230,80850471,0YSF0641,15809979,9314 Cypress Xing,Kingsport,Rhode Island,28268,US,RUS
167,60165900,7JZU0477,28078006,2696 Cherry Ctr,Cliffside,Hawaii,22598,US,RUS
744,63743714,4REM0855,51334292,3176 Peach Ctr,Rivertown,Rhode Island,60792,US,RUS
587,75522338,3ILY0387,37171780,9332 Pine Ter,Springfield,Oklahoma,40227,US,RUS
101,24350283,5DYL0914,73175446,6243 Cedar Alley,Greenfield,Michigan,43060,US,RUS
859,87656751,8HTN0305,77175079,3469 Magnolia Ctr,Hilltop,Rhode Island,69338,US,RUS
141,69325069,1OQD0457,51307931,5539 Hickory Center,Easton,South Dakota,63684,US,RUS
263,32881232,0ASO0525,38089816,Hickory Ave,Mapleton,Missouri,,US,RUS
386,88467734,2WAN0007,18289456,1150 Cedar Xing,Sunnyvale,Connecticut,91613,US,RUS
830,88392265,0YXO0770,25919493,4708 Birch Pl,Sunnyvale,Idaho,,US,RUS
252,64189844,8GHW0708,62976491,Willow Drive,Sunnyvale,Colorado,19233,US,RUS
345,71507569,7TQB0888,42376429,8304 Cypress Drive,Fairview,Georgia,42620,US,RUS
35,67292498,0MXY0710,81086143,5386 Cherry Mill,Mapleton,Minnesota,86634,US,RUS
648,16516942,5NPF0508,37090838,1652 Peach Ave,Mapleton,Washington,,US,RUS
531,22226419,9MGY0798,40635398,5869 Laurel Ter,Hilltop,Mississippi,65161,US,RUS
49,84129252,5AKE0957,24417104,8646 Walnut Dr,Cliffside,Iowa,27865,US,RUS
989,26602724,6BOO0508,34573549,Spruce Street,Mapleton,Connecticut,82217,US,RUS
875,29007347,8TID0447,87066880,Sequoia Xing,Lakeside,Tennessee,45401,US,RUS
81,66639433,2PXM0497,88860178,5 Aspen Lp,Sunset Hills,Connecticut,92802,US,RUS
664,70579096,7IUO0343,15035408,Aspen Trl,Mapleton,Texas,91111,US,RUS
243,21946987,0LCF0995,52048326,9603 Aspen Circle,Springfield,Minnesota,65868,US,RUS
699,78620838,1FAZ0638,53268269,9226 Spruce Ln,Fairview,New Jersey,48001,US,RUS
949,55218825,3FRM0994,77524664,3405 Willow Rd,Rivertown,Maryland,,US,RUS
269,27723222,3MSD0129,93874558,1493 Maple Mill,Mapleton,Arizona,21626,US,RUS
542,29201808,3TAF0126,62976491,981 Poplar Street,Harborview,Wisconsin,29004,US,RUS
432,66593105,7XIO0351,23832603,4906 Oak Place,Rainbow City,Rhode Island,64618,US,RUS
477,67053989,3ARO0774,31408025,9945 Redwood Sq,Ridgecrest,Oklahoma,67098,US,RUS
592,70955992,5FFC0996,77897436,Sequoia Pkwy,Springfield,Washington,10748,US,RUS
429,20331878,1SLT0033,67805941,8 Walnut Aly,Harborview,Tennessee,96772,US,RUS
787,89643546,5GOT0204,21583926,8798 Pine Ctr,Eaglewood,Florida,83820,US,RUS
841,31394607,2MZP0177,30575606,9345 Aspen Mill,Easton,Michigan,22669,US,RUS
401,31832459,4PMG0316,47790989,8970 Aspen Court,Rivertown,West Virginia,74995,US,RUS
482,67713469,6TNA0941,50401492,6326 Cedar Rd,Hilltop,Nebraska,17341,US,RUS
92,71760912,3PPE0940,79775376,5477 Hickory Aly,Rockville,Missouri,13450,US,RUS
413,12127896,5ZNO0878,60159532,7 Sycamore Pkwy,Sunset Hills,Colorado,92534,US,RUS
125,57202235,5ZNO0878,35533433,8447 Birch Ln,Rivertown,North Dakota,75792,US,RUS
372,40231218,3UQT0936,12497117,1551 Chestnut Rd,Lakeside,Louisiana,28851,US,RUS
53,68244433,3IPH0340,39613148,6550 Poplar Trl,Fairview,North Dakota,18465,US,RUS
794,66558807,3NQZ0124,36595547,3791 Oak Highway,Sunnyvale,Wisconsin,99583,US,RUS
798,39984548,1OFK0948,72308925,1185 Peach Ln,Westbrook,Ohio,32082,US,RUS
20,74122721,9XZO0337,86270822,3277 Hickory Lp,Lakeside,Alaska,,US,RUS
70,46790922,0YQG0751,56300201,371 Redwood Pkwy,Lakeview,Delaware,50868,US,RUS
455,80898298,1OQD0457,51460112,9 Willow Terrace,Easton,Montana,32151,US,RUS
684,37828211,8SUQ0869,54910698,8511 Cypress Pkwy,Rockville,South Carolina,14485,US,RUS
655,42743976,5ZPY0119,96021586,6279 Poplar Trl,Lakeside,South Dakota,44399,US,RUS
581,21998322,1AMH0810,58745687,4669 Hickory Ctr,Westbrook,New Mexico,81882,US,RUS
10,71470165,9MIO0376,92710956,9 Laurel Ln,Sunset Hills,Colorado,53620,US,RUS
315,96595579,8HTN0305,94632989,9251 Laurel Str,Rivertown,Mississippi,14971,US,RUS
325,54527957,5RPJ0777,95405870,7445 Elm Circle,Lakeside,Illinois,80743,US,RUS
876,58582686,8VCP0359,64122364,1039 Chestnut Pkwy,Brookfield,Delaware,71103,US,RUS
356,73291035,8GER0715,78997439,9386 Chestnut Dr,Lakeview,West Virginia,14141,US,RUS
553,70935860,0MXM0953,20036483,2036 Redwood Ct,Lakeview,South Dakota,57254,US,RUS
661,59464053,2ONB0365,51460112,Cedar Ave,Springfield,Maine,90605,US,RUS
701,95692685,0JOT0653,35930692,5422 Cypress Dr,Ridgecrest,Nebraska,41187,US,RUS
532,81909353,4KLK0756,67768224,8431 Aspen Trl,Fairview,Connecticut,,US,RUS
913,27798686,7LJW0356,45013532,655 Chestnut Road,Lakeview,Utah,57180,US,RUS
510,79322264,1EKO0302,91527289,7794 Redwood Highway,Sunnyvale,California,93364,US,RUS
91,41211205,4TTX0550,29877655,3619 Aspen Ter,Easton,Utah,33818,US,RUS
309,91906029,3VYG0673,18492606,9219 Maple Pkwy,Mapleton,Oregon,,US,RUS
164,84483665,1BFY0319,42012906,1504 Maple Ter,Harborview,Wisconsin,68321,US,RUS
441,47780283,6WOY0443,10238412,7766 Walnut Rd,Sunset Hills,North Carolina,77634,US,RUS
202,30251121,0ZZY0023,30796026,638 Sycamore Rd,Springfield,Illinois,27204,US,RUS
949,17675772,5JVV0073,95321064,7804 Maple Mill,Greenfield,Iowa,47775,US,RUS
115,62590777,0KET0492,95113777,2219 Chestnut Blvd,Sunset Hills,Colorado,20558,US,RUS
675,35533433,4TBS0512,57202235,6913 Laurel Str,Greenfield,Arkansas,17951,US,RUS
91,68055950,5ZLM0125,51012684,Willow Pkwy,Easton,Rhode Island,,US,RUS
12,72567700,3NQZ0124,32824233,5024 Chestnut Aly,Brookfield,North Dakota,65807,US,RUS
164,22247056,5GOT0204,74963686,488 Magnolia Pl,Rainbow City,South Carolina,36217,US,RUS
136,76421577,0LUT0287,91917757,3895 Peach Ctr,Sunset Hills,Oregon,70290,US,RUS
52,91845672,9UGT0966,60422965,6 Magnolia Ln,Lakeview,North Carolina,70497,US,RUS
147,51360087,0CNE0762,99206616,124 Aspen Highway,Eaglewood,Colorado,71094,US,RUS
31,48250434,2RWA0510,42012906,2680 Birch Highway,Lakeview,Vermont,93134,US,RUS
319,56213876,0VPD0009,71712449,5254 Willow Aly,Eaglewood,Georgia,69755,US,RUS
703,84031182,6WZX0187,75185546,224 Elm Ln,Hilltop,Oregon,27235,US,RUS
756,40309252,3UFG0990,67768224,2332 Cypress Pl,Cliffside,Florida,27838,US,RUS
865,12797534,5JUJ0852,67713469,7494 Pine Blvd,Springfield,Wyoming,34203,US,RUS
982,30175399,5DGG0847,84846520,1 Hickory Pkwy,Rivertown,California,97334,US,RUS
365,55061086,6AFD0085,93588489,1298 Sequoia Ct,Cliffside,Ohio,73818,US,RUS
17,88888345,3FXJ0725,68247819,1271 Aspen Circle,Rockville,Virginia,66885,US,RUS
184,67193454,7JZU0477,37586561,964 Oak Xing,Lakeview,West Virginia,30343,US,RUS
513,58467591,1BAK0215,30358728,6277 Laurel GardensCrescent,Ridgecrest,Montana,67224,US,RUS
55,82349676,7ATV0287,95443082,9627 Oak Pl,Rainbow City,Arizona,,US,RUS
247,24417104,6MXB0538,86128922,7369 Walnut Highway,Cliffside,Arkansas,,US,RUS
594,25121433,3WSL0343,77352694,8698 Oak Trail,Greenfield,Texas,23284,US,RUS
921,15453819,9HOI0029,37090838,6858 Elm Xing,Rivertown,Texas,19729,US,RUS
725,66461688,1CIZ0964,59192602,3472 Walnut Rd,Brookfield,West Virginia,29409,US,RUS
316,72690192,8RPB0259,14334820,184 Elm Ave,Brookfield,New York,,US,RUS
715,79230130,8DWB0007,33429565,5 Birch Rd,Cliffside,Kansas,87116,US,RUS
604,44826243,6SIM0228,22340420,8754 Magnolia Xing,Rivertown,Minnesota,,US,RUS
28,17974327,5XQH0254,88090007,675 Cherry Court,Cliffside,Minnesota,32980,US,RUS
153,26403213,5AKE0957,70752146,8182 Sequoia Xing,Rainbow City,New Hampshire,15405,US,RUS
506,43353670,3MYC0236,59192846,4362 Birch Ln,Cliffside,Alaska,83600,US,RUS
414,19307241,8HBM0724,39613148,5255 Hickory GardensCrescent,Mapleton,New Jersey,11331,US,RUS
443,96966877,0OPA0167,83503463,2284 Maple Xing,Cliffside,Florida,83946,US,RUS
357,90067681,6AOH0402,84977444,3637 Peach Ln,Fairview,Washington,47248,US,RUS
553,30676139,9CHB0656,48240182,2488 Birch Sq,Eaglewood,Kansas,16908,US,RUS
157,23888046,2AKU0516,66889399,2477 Aspen Lp,Sunset Hills,Virginia,13812,US,RUS
229,87734958,2AKU0516,82132774,4841 Hickory Lp,Eaglewood,Hawaii,51115,US,RUS
876,82154926,7ZFC0734,34979907,8041 Chestnut GardensCrescent,Kingsport,Oregon,81234,US,RUS
28,16645785,0OJG0836,52005450,7167 Birch Rd,Mapleton,Illinois,61393,US,RUS
536,23091261,5ZLM0125,67449811,5138 Willow Circle,Eaglewood,Delaware,55028,US,RUS
620,57392004,4LBC0874,35751673,1653 Laurel Aly,Kingsport,Kansas,85201,US,RUS
290,72453824,4QFO0828,80879010,8733 Redwood Xing,Eaglewood,Indiana,47229,US,RUS
847,81568473,8MRV0492,21013669,3432 Hickory Sq,Mapleton,New Mexico,56404,US,RUS
666,10337657,9NID0743,78917010,5722 Aspen Mill,Easton,Virginia,26831,US,RUS
344,28832125,5QRG0228,13746606,5049 Peach Lp,Westbrook,North Carolina,78664,US,RUS
928,40510830,6IFK0782,15355224,1975 Magnolia Pl,Cliffside,Massachusetts,56825,US,RUS
388,60209088,8QOK0186,23328526,5842 Walnut Loop,Greenfield,Michigan,24274,US,RUS
334,39613148,2AMT0588,60664996,2415 Aspen Xing,Brookfield,Iowa,41881,US,RUS
46,98286561,6TNA0941,52046885,2157 Willow Circle,Rainbow City,North Carolina,89512,US,RUS
149,32657184,5ERN0322,81568473,5415 Cedar Lp,Ridgecrest,South Carolina,59794,US,RUS
546,84368459,6UYW0061,34062388,502 Aspen Dr,Springfield,Ohio,28513,US,RUS
855,39233146,6RDK0398,44344106,6016 Poplar Dr,Springfield,Florida,29481,US,RUS
836,86072219,3RSC0838,12555346,8194 Laurel Pkwy,Fairview,New Hampshire,,US,RUS
996,83804122,6YYX0587,95692685,6141 Peach Pkwy,Brookfield,Montana,59741,US,RUS
492,93395851,7QVW0642,55420199,440 Birch Ct,Eaglewood,Vermont,64968,US,RUS
292,44160303,3BWE0954,53652200,358 Redwood Street,Cliffside,New Mexico,91277,US,RUS
130,63470824,7FSJ0915,21110510,1055 Redwood Circle,Eaglewood,New Mexico,86906,US,RUS
827,22680175,0MFV0233,83132469,9659 Sequoia Xing,Rainbow City,Maryland,19383,US,RUS
117,79998922,6XVZ0308,83054319,Walnut Avenue,Harborview,Massachusetts,33707,US,RUS
323,27226088,7YCC0915,35328555,6266 Chestnut Ct,Lakeside,Colorado,50795,US,RUS
871,51012684,7RQN0405,31338385,4486 Chestnut Pl,Fairview,Ohio,84736,US,RUS
389,79547443,1ZNU0031,46790922,9 Sequoia Aly,Sunnyvale,Montana,81389,US,RUS
729,26139044,3HSH0558,21583926,6025 Sycamore Ln,Sunset Hills,North Dakota,57551,US,RUS
831,16669502,9HOI0029,34317932,9258 Elm Aly,Lakeview,Utah,72747,US,RUS
262,12069736,9NHE0407,60274308,9537 Peach GardensCrescent,Easton,Delaware,94325,US,RUS
527,53059214,3RIS0881,89371774,5 Maple Pkwy,Easton,Mississippi,82047,US,RUS
559,87873245,8NKH0091,38805296,3832 Chestnut Blvd,Springfield,Missouri,34475,US,RUS
126,90403517,5EXZ0748,88392265,4450 Birch Aly,Sunset Hills,Alabama,61423,US,RUS
102,14549167,9DFJ0570,44826243,Willow Rd,Brookfield,Nebraska,70304,US,RUS
574,85031478,3CCP0017,82120813,Walnut Pkwy,Mapleton,Texas,45099,US,RUS
70,21822677,6GTB0669,32173805,4326 Cherry Xing,Eaglewood,Montana,,US,RUS
29,80770260,6XVZ0308,34062388,3641 Willow Lp,Sunnyvale,New Hampshire,,US,RUS
110,21499615,5MPD0651,44434777,3835 Aspen Sq,Rainbow City,Montana,11071,US,RUS
308,76857432,7UFK0117,53652834,289 Peach Circle,Harborview,North Dakota,20122,US,RUS
642,83972745,7SJT0824,95445697,2371 Redwood Lp,Eaglewood,Illinois,82190,US,RUS
497,48585528,5TNQ0620,71468481,3979 Maple Ctr,Easton,Virginia,40352,US,RUS
890,84846520,5IIU0658,22710910,1443 Redwood Ter,Fairview,Nevada,,US,RUS
477,26331440,8PSA0010,82349676,438 Birch Aly,Kingsport,Idaho,71481,US,RUS
257,35780302,3ARO0774,39984548,275 Willow Avenue,Eaglewood,Idaho,11562,US,RUS
302,71497604,3NNS0996,62909194,390 Peach Pkwy,Fairview,Pennsylvania,44101,US,RUS
804,53456759,7KAW0243,13035121,1362 Sycamore Sq,Fairview,Maine,85010,US,RUS
681,30969977,2AOZ0611,63335284,6119 Sequoia Dr,Fairview,Hawaii,28742,US,RUS
627,28379432,1FYH0642,37894022,7182 Cedar Mill,Greenfield,Arkansas,36557,US,RUS
255,94881252,1UAD0156,33077872,1741 Sequoia Str,Meadowville,Alabama,63552,US,RUS
802,37454829,9MON0938,50041997,1589 Maple Blvd,Meadowville,North Carolina,76285,US,RUS
271,50456578,5MLJ0217,19456227,1597 Chestnut Ter,Rainbow City,Nevada,86041,US,RUS
852,20545243,6PGJ0097,22247056,Cypress Aly,Harborview,Hawaii,49929,US,RUS
230,49961297,1JHK0661,29385482,6685 Cherry Ter,Mapleton,Oklahoma,82093,US,RUS
588,49580509,9OVE0088,52844763,3165 Cedar Highway,Ridgecrest,Louisiana,81073,US,RUS
675,59048645,9AGP0073,79170244,787 Poplar Ln,Meadowville,Nebraska,51945,US,RUS
983,70786814,0FCQ0163,59192846,5477 Poplar Rd,Sunnyvale,West Virginia,89991,US,RUS
204,43729775,8QEP0693,32173805,4 Oak Aly,Sunnyvale,Louisiana,72212,US,RUS
256,79818353,4HPA0321,14452826,Sycamore Blvd,Westbrook,Maryland,90518,US,RUS
306,60493238,4BDH0933,81568473,8397 Redwood Sq,Sunnyvale,Washington,41925,US,RUS
254,59532503,0WRJ0721,41466196,Poplar GardensCrescent,Rainbow City,Pennsylvania,54093,US,RUS
51,46191674,2UZN0376,12069736,749 Hickory Trl,Mapleton,Tennessee,,US,RUS
947,84804428,6INB0879,72131111,2042 Oak Circle,Cliffside,North Dakota,24541,US,RUS
576,93588489,8BQQ0484,76657548,589 Sycamore Mill,Meadowville,Louisiana,81492,US,RUS
511,31338385,5MLJ0217,37171780,8063 Chestnut Pkwy,Easton,Nevada,33482,US,RUS
190,46171800,7CGI0281,85494016,3487 Laurel Highway,Mapleton,Minnesota,,US,RUS
248,92428363,2PXM0497,67292498,8902 Willow Str,Rivertown,Vermont,49478,US,RUS
118,10112444,7YRF0089,53120024,2022 Poplar Ctr,Rockville,South Carolina,53585,US,RUS
713,78888083,4UJN0081,77919704,645 Sycamore Trl,Meadowville,Illinois,69177,US,RUS
284,74266804,4XUJ0908,78901033,7484 Cedar Ave,Ridgecrest,Alabama,40565,US,RUS
742,99617086,4JTM0382,13073399,9918 Magnolia Str,Ridgecrest,New Jersey,,US,RUS
390,28722811,3HWF0360,15809979,5581 Walnut Blvd,Cliffside,Wisconsin,85702,US,RUS
784,45411502,4BDH0933,62374487,8005 Magnolia Xing,Rivertown,Oklahoma,77724,US,RUS
2,56335200,9EDZ0439,17675772,1302 Spruce Xing,Easton,Virginia,,US,RUS
750,15462815,8POP0632,39523975,279 Poplar Aly,Ridgecrest,Missouri,88799,US,RUS
289,20036483,5LQL0099,42743976,2 Aspen Pl,Greenfield,Wisconsin,31556,US,RUS
575,16806072,2SSW0263,16427295,3311 Cedar Circle,Lakeside,Washington,11968,US,RUS
946,86128922,9QOD0650,46870983,6384 Laurel Alley,Meadowville,Nevada,86000,US,RUS
103,32241319,4UJN0081,67953850,288 Aspen Mill,Cliffside,North Carolina,,US,RUS
823,80878544,1QKE0066,97583144,2352 Aspen Aly,Eaglewood,Wisconsin,,US,RUS
162,72733273,7YRF0089,42436409,6 Cypress Sq,Cliffside,Indiana,69698,US,RUS
683,53268269,1DPY0542,36961268,1670 Aspen Xing,Cliffside,Kentucky,93932,US,RUS
447,33699635,3QJO0560,35608002,836 Walnut Dr,Meadowville,Michigan,56065,US,RUS
988,42012906,7IMR0150,91527289,3037 Pine Pkwy,Easton,Arkansas,62366,US,RUS
234,96628970,7YRF0089,68433278,2534 Sequoia Blvd,Lakeside,Kentucky,27952,US,RUS
498,34384230,1MHR0010,38031094,6230 Elm Trl,Sunnyvale,Alaska,,US,RUS
401,38135045,2ONB0365,94100035,2 Poplar Ter,Rainbow City,Pennsylvania,91269,US,RUS
776,99206616,1VLT0486,77241645,9 Spruce Mill,Lakeside,Arkansas,14993,US,RUS
557,52844763,1SUZ0565,48235680,Pine Pl,Brookfield,Pennsylvania,52539,US,RUS
915,62310371,4BAG0590,39688039,7741 Birch GardensCrescent,Sunnyvale,Missouri,94877,US,RUS
50,61153373,3UKR0350,56803801,3330 Sequoia Aly,Eaglewood,Rhode Island,87028,US,RUS
538,29867505,1VSM0927,20787606,Aspen Mill,Lakeside,South Dakota,36391,US,RUS
314,31947874,8UXV0890,66818712,8379 Magnolia Ave,Ridgecrest,Illinois,51058,US,RUS
507,85385775,9EDZ0439,79818353,2 Willow Ct,Westbrook,Arkansas,85940,US,RUS
121,73165150,9MRN0328,64470638,6434 Magnolia Rd,Kingsport,Delaware,97921,US,RUS
162,77039478,2PCD0136,54977552,9363 Maple Circle,Greenfield,Hawaii,50229,US,RUS
172,64122364,2MZP0177,72733273,7033 Hickory Mill,Rivertown,Delaware,73759,US,RUS
960,75799017,7WLU1000,45013532,9291 Peach Circle,Meadowville,New Hampshire,10675,US,RUS
789,12729827,2JLB0124,22235689,6282 Magnolia Lane,Ridgecrest,Alaska,10103,US,RUS
343,48240182,9KYS0985,56678565,2191 Chestnut Ctr,Hilltop,Illinois,81824,US,RUS
520,79702832,6PRR0403,39059525,5724 Laurel Ctr,Cliffside,New Jersey,68047,US,RUS
202,91153179,5MME0557,71468481,5 Aspen Pl,Fairview,Washington,73987,US,RUS
32,80071652,3LMR0790,16148534,843 Walnut GardensCrescent,Hilltop,Iowa,16619,US,RUS
237,56594566,7QYU0627,64122364,6336 Maple Circle,Fairview,Wyoming,69019,US,RUS
197,51558401,5CPS0102,42394987,6913 Aspen Str,Easton,Iowa,18960,US,RUS
802,24471856,6UYW0061,95056949,4 Spruce Ct,Sunnyvale,Alabama,,US,RUS
505,31100059,3BQE0434,84446142,963 Chestnut Lp,Sunset Hills,Ohio,18935,US,RUS
296,95443082,6VSL0765,85976866,2996 Peach Pkwy,Eaglewood,Maryland,23544,US,RUS
727,63202186,3FAX0057,74266804,5293 Peach Pl,Easton,Indiana,76021,US,RUS
691,16268282,4WYH0578,11939016,8203 Magnolia Ln,Rainbow City,Montana,81169,US,RUS
480,47665260,1RYA0767,39523975,5547 Laurel Pkwy,Sunset Hills,Kansas,,US,RUS
650,30342357,2AWN0946,20361857,Peach Pkwy,Lakeside,Georgia,,US,RUS
656,41466196,2QJG0912,76125502,9915 Aspen Mill,Cliffside,Florida,,US,RUS
964,21583926,7YLW0994,60988514,Laurel Trl,Lakeview,Illinois,48243,US,RUS
549,25457588,2SCM0752,87066880,8068 Sycamore Circle,Sunnyvale,Missouri,,US,RUS
835,35726033,9IUC0317,58383414,1644 Peach Ave,Cliffside,Idaho,,US,RUS
573,84977444,8NAQ0141,37639220,8737 Birch Mill,Eaglewood,Florida,39007,US,RUS
975,88592430,6SFY0947,21424926,6306 Sycamore Ctr,Rivertown,Hawaii,87045,US,RUS
119,21424926,5RYT0676,10337657,3740 Cypress Lp,Springfield,Hawaii,98982,US,RUS
222,19511389,0DTZ0553,94078585,2149 Hickory Pl,Cliffside,Arkansas,38906,US,RUS
920,86266315,1QCQ0006,98706616,7226 Maple Sq,Easton,Oklahoma,,US,RUS
40,60171557,0DNU0252,71507569,3200 Maple Blvd,Sunnyvale,Indiana,45904,US,RUS
365,35465158,4UDZ0676,32118244,2437 Birch Blvd,Westbrook,New Mexico,68022,US,RUS
31,62486800,3JJR0284,63202186,5989 Sycamore GardensCrescent,Harborview,Oregon,61356,US,RUS
200,88413755,4VUI0789,30342357,8152 Spruce Aly,Brookfield,Georgia,80109,US,RUS
889,23936468,7KOK0063,67693610,4255 Elm Pkwy,Kingsport,Delaware,17330,US,RUS
90,77523240,6RVF0006,60165900,8615 Hickory Circle,Kingsport,South Dakota,12069,US,RUS
230,29727761,0EUI0941,18844395,4233 Poplar Ave,Lakeview,Georgia,61077,US,RUS
150,78917010,9FLR0577,78282413,5775 Sequoia Dr,Greenfield,Virginia,,US,RUS
110,33237681,9HOI0029,71036117,835 Laurel Ctr,Rivertown,North Carolina,79543,US,RUS
721,94608608,7YKS0956,67693610,4000 Poplar Ctr,Westbrook,Louisiana,35037,US,RUS
839,83503463,8GHW0708,58582686,4 Cedar Pl,Lakeview,Indiana,,US,RUS
451,57833378,9ATY0110,30175399,562 Cherry Ctr,Brookfield,Georgia,67238,US,RUS
124,17508686,9FXO0247,22710910,7846 Poplar Circle,Sunset Hills,Maine,89040,US,RUS
264,62881600,9UGT0966,36049040,6571 Magnolia Xing,Springfield,Connecticut,65250,US,RUS
746,17469048,3YDS0610,94982548,3140 Cherry Trl,Westbrook,Nebraska,30391,US,RUS
511,97350317,9FLR0577,64122364,4011 Pine Drive,Cliffside,Arizona,95277,US,RUS
985,87953468,4GJA0084,79322264,Poplar GardensCrescent,Westbrook,Nevada,47113,US,RUS
217,39510167,7PJH0655,99387492,983 Sequoia Rd,Meadowville,Louisiana,12192,US,RUS
176,88190024,5LPO0853,14069153,1996 Peach Blvd,Cliffside,North Dakota,15488,US,RUS
370,39685992,7MFZ0434,10112444,4950 Cherry Lane,Lakeview,Mississippi,23705,US,RUS
863,76477587,8HWX0291,57392004,7782 Elm Blvd,Rainbow City,Tennessee,78291,US,RUS
398,80603877,1CAW0777,40510830,4019 Birch Highway,Westbrook,Illinois,69245,US,RUS
633,95445697,4HHR0598,66411263,Magnolia Place,Rivertown,Maryland,85866,US,RUS
59,53134581,0YSF0641,26403213,2842 Cedar Ave,Kingsport,Wyoming,96411,US,RUS
106,36049040,1MXE0985,69582047,4938 Cypress Rd,Easton,Florida,24725,US,RUS
966,29491027,6SVX0546,35390240,6244 Chestnut Mill,Rainbow City,Arizona,45252,US,RUS
87,90290318,2KMH0627,27798686,7710 Cedar Circle,Rainbow City,North Dakota,25132,US,RUS
915,65213666,1SRV0278,55604556,864 Willow GardensCrescent,Eaglewood,Virginia,79925,US,RUS
782,47518072,3ZRP0511,38991079,Willow GardensCrescent,Hilltop,Wyoming,99505,US,RUS
369,67720506,2AEX0128,62587549,6889 Aspen Dr,Rivertown,Indiana,12312,US,RUS
416,16427295,9AIP0498,53561733,1105 Pine Str,Ridgecrest,Utah,81314,US,RUS
640,27540162,8UOQ0055,80188763,5408 Chestnut Circle,Sunset Hills,Louisiana,85730,US,RUS
866,75985297,6STC0470,68378856,4220 Maple Ave,Kingsport,South Carolina,34633,US,RUS
25,55308154,5WPP0116,27442307,8050 Cedar Ave,Sunset Hills,Nevada,68057,US,RUS
45,83942587,5GOT0204,66106388,2734 Pine Ave,Rockville,West Virginia,63242,US,RUS
387,74366052,4MTE0494,27123129,5765 Aspen Highway,Westbrook,Arkansas,74867,US,RUS
488,49717804,8QOK0186,85728586,9187 Peach Ctr,Rockville,Florida,21316,US,RUS
610,66186145,2AKU0516,14692902,9799 Cypress Mill,Hilltop,New York,17926,US,RUS
321,87243101,8XDE0638,52475580,9548 Cypress Ln,Brookfield,Nebraska,69330,US,RUS
434,46870983,2OLI0365,65213666,8041 Laurel Court,Cliffside,Arizona,64128,US,RUS
799,15035408,7HYI0176,96628970,Sycamore Mill,Sunset Hills,Idaho,11254,US,RUS
121,29783008,5MME0557,28894568,1230 Sequoia Ct,Rivertown,Michigan,57309,US,RUS
539,46313714,5ZPY0119,25457588,5311 Sequoia Blvd,Rivertown,Iowa,41332,US,RUS
493,68247819,9AFH0747,32340144,Elm GardensCrescent,Westbrook,Massachusetts,86134,US,RUS
473,38805296,0OJG0836,28894568,253 Cherry Ter,Sunset Hills,Hawaii,52561,US,RUS
253,56014322,9NID0743,33141145,9106 Cypress Blvd,Sunnyvale,Mississippi,,US,RUS
467,12268938,3ODO0271,53268269,8175 Cherry Str,Harborview,Ohio,70192,US,RUS
642,49179970,3HXG0936,46513492,8540 Sycamore Mill,Lakeside,South Dakota,85036,US,RUS
964,50130795,0KUM0823,22680175,4982 Magnolia Pl,Kingsport,Maine,58214,US,RUS
709,29982981,8GBC0230,87066880,2154 Laurel Str,Cliffside,New Jersey,38460,US,RUS
887,66411263,7LJW0356,10654445,8157 Aspen Ctr,Rockville,Georgia,51372,US,RUS
563,67761974,1DJK0566,16741238,8 Cedar Rd,Harborview,Ohio,51433,US,RUS
543,79170244,7JMA0849,16645785,1132 Hickory Highway,Springfield,Minnesota,,US,RUS
883,76181667,5DWC0836,96377514,1698 Pine Blvd,Sunnyvale,South Dakota,47929,US,RUS
124,87408644,1RYA0767,94982548,3384 Maple Xing,Hilltop,Hawaii,48631,US,RUS
811,10654445,9OFS0092,95321064,Pine GardensCrescent,Rivertown,Oklahoma,55345,US,RUS
762,20422515,2SSW0263,99858674,7050 Cherry Lp,Meadowville,New Jersey,32491,US,RUS
125,99858025,7XIO0351,79051114,5425 Oak Str,Westbrook,Georgia,10293,US,RUS
966,87922137,0VHE0249,53059214,6621 Elm Aly,Ridgecrest,Georgia,81197,US,RUS
249,61654115,4XKK0560,68244433,8383 Willow Lp,Rivertown,Florida,43065,US,RUS
681,67693610,1JSX0800,85347687,3495 Oak Rd,Rockville,Idaho,22130,US,RUS
160,95405870,8VOU0842,31676836,2639 Cherry Pl,Westbrook,Hawaii,16841,US,RUS
547,15016937,8QEP0693,39523975,219 Oak Ctr,Westbrook,North Dakota,80482,US,RUS
9,98706616,3EZT0096,79051114,7 Laurel Court,Eaglewood,North Carolina,,US,RUS
486,82490331,7ZLB0962,90690909,Chestnut Sq,Kingsport,Tennessee,,US,RUS
297,73115564,8LBM0585,98157893,2365 Cedar Ter,Greenfield,Nebraska,96733,US,RUS
828,73923649,5WXW0925,52172378,815 Peach Str,Meadowville,New Mexico,,US,RUS
980,35513093,5CPS0102,80516696,2440 Elm Lp,Brookfield,Alaska,56611,US,RUS
307,17599177,0ZZY0023,14452826,7609 Willow GardensCrescent,Rivertown,North Dakota,22185,US,RUS
543,60700785,1QCP0593,99858025,Magnolia Ct,Hilltop,Minnesota,74644,US,RUS
685,32340144,1UAD0156,49241665,2632 Magnolia Ter,Fairview,Oklahoma,82503,US,RUS
577,35328555,8EMO0404,37090838,363 Spruce Ter,Easton,South Carolina,24127,US,RUS
397,25250826,3JAZ0292,51012684,Cherry GardensCrescent,Lakeside,Indiana,,US,RUS
748,72131111,4QML0713,82132774,7 Walnut Ln,Lakeview,Idaho,76780,US,RUS
573,16741238,0GNH0723,85031478,760 Spruce Drive,Lakeview,Virginia,96965,US,RUS
983,37090838,0OPA0167,30358728,1835 Maple Aly,Kingsport,Florida,69739,US,RUS
620,23100693,7AWI0756,67713469,517 Peach Mill,Easton,Maryland,,US,RUS
387,38200348,4ZQI0486,49241665,6467 Redwood Pl,Cliffside,Texas,13175,US,RUS
541,90972615,2GJK0101,15809979,226 Willow Blvd,Meadowville,Tennessee,,US,RUS
157,96155388,5QPG0910,82120813,8465 Hickory Lp,Ridgecrest,Texas,15164,US,RUS
607,64854647,0KUM0823,54196388,4509 Elm Alley,Meadowville,Illinois,10504,US,RUS
141,37222411,6QUB0347,21013669,7765 Chestnut Ln,Rivertown,Nebraska,53289,US,RUS
39,28591329,9PRM0097,38805296,9722 Peach Pkwy,Springfield,Kansas,,US,RUS
543,53652834,3RRR0693,85728586,9839 Laurel Rd,Greenfield,Connecticut,93720,US,RUS
223,59192846,5GUV0362,17081446,9846 Sequoia Aly,Harborview,Virginia,90515,US,RUS
404,60545241,5UYR0441,95583720,4075 Sequoia Circle,Rainbow City,Alabama,10272,US,RUS
394,76145682,4BSD0592,26569981,3960 Peach Circle,Mapleton,South Carolina,,US,RUS
281,55778127,6MXB0538,22953335,4408 Sycamore Pkwy,Ridgecrest,Indiana,28250,US,RUS
346,19117745,1JAN0789,57814916,8762 Laurel Mill,Springfield,Missouri,70798,US,RUS
693,13396893,3NNS0996,90285358,9 Sycamore Ln,Sunset Hills,Minnesota,10900,US,RUS
382,11152271,8XPD0280,22921827,6307 Cedar Ct,Lakeview,Iowa,57130,US,RUS
347,54977552,4BSY0249,21424926,8828 Laurel Aly,Mapleton,Missouri,73091,US,RUS
319,93908941,5DWC0836,75037137,4942 Chestnut Str,Kingsport,Rhode Island,90575,US,RUS
354,62261818,8MRV0492,78917010,6015 Redwood Ct,Westbrook,Washington,,US,RUS
315,79261066,2QYH0006,82212702,Magnolia Dr,Hilltop,Ohio,91605,US,RUS
949,80548707,2JLB0124,66889399,4011 Cypress Dr,Easton,South Carolina,40258,US,RUS
486,19456227,8YUY0009,84760669,1170 Cypress Highway,Mapleton,Mississippi,34710,US,RUS
844,66894867,6GIG0983,42436409,9364 Oak Trl,Brookfield,Virginia,,US,RUS
159,91527289,1BFY0319,13035121,2508 Sequoia Str,Rivertown,Maine,65115,US,RUS
883,74963686,1ZAD0863,67193454,8208 Redwood Ct,Rivertown,Kentucky,57121,US,RUS
110,37777503,7XRJ0106,79998922,4054 Laurel Pkwy,Rainbow City,Washington,87221,US,RUS
73,77919704,2AEX0128,86128922,1247 Oak Ct,Rivertown,Louisiana,94119,US,RUS
920,39197795,5ZPY0119,90649276,1 Aspen GardensCrescent,Ridgecrest,Alaska,85323,US,RUS
767,79158724,5SZD0492,32340144,790 Laurel Pkwy,Easton,North Dakota,55811,US,RUS
675,89134368,8DEQ0410,89493422,3 Maple Sq,Harborview,Oklahoma,61081,US,RUS
546,43354931,1CJA0196,69582047,3899 Poplar Mill,Fairview,New Mexico,50144,US,RUS
824,24354484,0MCI0589,82212702,6 Birch Circle,Lakeview,Texas,31556,US,RUS
546,93874558,5TNQ0620,37777503,2029 Willow Ctr,Kingsport,Delaware,39088,US,RUS
344,64901195,2PCD0136,13073399,1181 Willow Xing,Kingsport,West Virginia,12287,US,RUS
560,14692902,4WYH0578,93395851,3 Chestnut Str,Westbrook,South Dakota,65513,US,RUS
912,92446519,2CZR0918,20896996,5399 Redwood Sq,Harborview,Idaho,48614,US,RUS
652,56300201,0JOT0653,62587549,9131 Willow Ter,Lakeside,Georgia,43913,US,RUS
441,58437983,9NLR0717,42743976,5780 Cedar Lp,Hilltop,Nevada,36001,US,RUS
418,40678084,2EMY0830,73165150,7626 Elm Blvd,Eaglewood,Alabama,47882,US,RUS
486,83132469,2YZP0377,60974153,4809 Poplar Circle,Mapleton,Iowa,38170,US,RUS
556,65901822,0QGV0797,80770260,Pine Pl,Cliffside,Oregon,12082,US,RUS
23,14069153,8POP0632,26496086,8452 Walnut Pl,Harborview,South Dakota,20810,US,RUS
439,79667320,5OLI0208,92486693,5027 Laurel Rd,Hilltop,Iowa,31712,US,RUS
216,32118244,1IFR0520,55308154,2138 Poplar Aly,Harborview,Alabama,48824,US,RUS
146,88090007,1IFR0520,75799017,581 Redwood Aly,Lakeside,Nebraska,46150,US,RUS
646,87080903,8RFD0292,56335200,3202 Walnut Aly,Sunnyvale,Missouri,60538,US,RUS
589,38089816,1PNZ0846,77574403,6368 Sycamore Str,Kingsport,Arizona,84606,US,RUS
782,80404149,9NKO0444,65877123,6603 Sequoia Pkwy,Rainbow City,Minnesota,62531,US,RUS
809,67272338,7OCC0576,79158724,2079 Pine Str,Rainbow City,Massachusetts,22344,US,RUS
313,12984892,2ITA0840,87922137,9742 Laurel Ave,Springfield,Texas,32120,US,RUS
855,14466056,4TTX0550,38902618,415 Peach Trl,Easton,Pennsylvania,62283,US,RUS
837,26569981,8GTS0254,72861443,5001 Hickory Circle,Sunnyvale,Ohio,75269,US,RUS
466,11939016,6WFE0982,22680175,6100 Cherry Road,Easton,Washington,24306,US,RUS
671,31093883,3HXG0936,41074141,8158 Aspen Aly,Harborview,Utah,15872,US,RUS
340,46885331,4DRT0184,86128922,9548 Sequoia Ter,Sunnyvale,Arizona,67382,US,RUS
33,95348279,5MYT0671,63320009,9228 Sycamore Highway,Meadowville,Iowa,69224,US,RUS
342,48896987,5TUD0882,16427295,2367 Maple Ln,Ridgecrest,Iowa,71575,US,RUS
252,96377514,3QJO0560,92486693,4158 Poplar Pkwy,Lakeside,Washington,,US,RUS
163,44434777,3HXG0936,80770260,6672 Walnut Circle,Rainbow City,Maryland,95135,US,RUS
252,32824233,1RYU0553,23832603,2759 Poplar Circle,Kingsport,Oregon,,US,RUS
533,67207429,1ASM0540,68424776,7458 Oak GardensCrescent,Fairview,Tennessee,51233,US,RUS
362,97475038,8AYE0710,17488440,3565 Cherry Aly,Springfield,Nevada,18010,US,RUS
3,56140258,6QUB0347,47291057,740 Birch Lp,Fairview,Rhode Island,18672,US,RUS
798,38211453,9RKA0675,51064915,2 Pine Sq,Springfield,Michigan,75867,US,RUS
688,81836467,6PGJ0097,67713469,4 Walnut Ave,Kingsport,Minnesota,25334,US,RUS
846,24175177,7FZI0281,60988514,8775 Sequoia Blvd,Rivertown,Illinois,59950,US,RUS
379,67491586,4RRH0553,12069736,906 Sequoia GardensCrescent,Meadowville,Georgia,,US,RUS
254,69020864,1JZU0573,34062388,9346 Spruce Ave,Harborview,Utah,19233,US,RUS
100,66718516,2MZP0177,77736520,279 Willow Ave,Lakeside,Oregon,,US,RUS
935,24800303,9TZU0480,17180297,4100 Sycamore Dr,Easton,Minnesota,33875,US,RUS
957,48297731,5LQG0302,78731433,408 Oak Rd,Cliffside,Maine,85613,US,RUS
513,12555346,4TBS0512,29201808,1201 Poplar Ct,Sunnyvale,Kentucky,,US,RUS
411,54456704,9NHE0407,77574403,8183 Redwood Circle,Lakeside,Washington,,US,RUS
751,98756652,0LCF0995,94378458,9535 Pine Aly,Rockville,Washington,79533,US,RUS
691,42394987,6EEF0025,70786814,Chestnut GardensCrescent,Rivertown,Michigan,73581,US,RUS
439,86660985,4DBY0051,31832459,Cypress Ctr,Kingsport,Washington,23528,US,RUS
344,79261978,3MKN0497,59532503,6696 Chestnut Ave,Sunnyvale,Alaska,25969,US,RUS
540,37478937,1TKI0511,58383414,4522 Walnut Ave,Greenfield,Utah,29100,US,RUS
917,94269350,2JTD0342,49948663,9843 Laurel Ave,Meadowville,Kentucky,58701,US,RUS
694,64715863,1YZT0701,10454443,1694 Willow Xing,Lakeside,Massachusetts,65341,US,RUS
616,90285358,9LMN0131,54456704,6053 Birch Highway,Rainbow City,Illinois,15508,US,RUS
351,37269162,8QAY0920,38563885,9 Aspen Ctr,Lakeside,Michigan,,US,RUS
464,48483391,2HPO0616,81792117,4 Chestnut Sq,Harborview,Oregon,65734,US,RUS
290,96021586,8NKH0091,25266403,2454 Oak Blvd,Meadowville,Georgia,21537,US,RUS
457,50012147,3WSL0343,20422515,1103 Aspen GardensCrescent,Cliffside,Louisiana,42079,US,RUS
948,66731886,8QCN0996,80603877,4 Maple Ln,Lakeside,Oklahoma,51379,US,RUS
658,65935365,1STE0775,60171557,8278 Walnut Blvd,Brookfield,California,87741,US,RUS
659,52596664,5ZLM0125,39523975,Chestnut Ter,Meadowville,South Dakota,21835,US,RUS
200,90542301,9BDC0794,39984548,4419 Walnut Pkwy,Westbrook,Indiana,45640,US,RUS
1000,63320009,6UYW0061,41211205,4418 Maple Circle,Rockville,Nebraska,33061,US,RUS
878,72861443,6FXQ0025,90542301,8695 Cherry Highway,Eaglewood,Wyoming,16557,US,RUS
184,54593186,6JFU0799,78917010,5596 Laurel Ctr,Cliffside,Illinois,39670,US,RUS
578,12091446,4WGQ0102,46191674,3936 Sycamore Dr,Hilltop,South Dakota,94585,US,RUS
439,23259595,7YRF0089,96377514,1167 Aspen Ter,Sunset Hills,Utah,84170,US,RUS
910,74438373,1YDS0883,51558401,6872 Walnut Circle,Westbrook,Utah,26284,US,RUS
708,81434830,6IYY0439,42436409,2390 Magnolia Mill,Rockville,New Jersey,71390,US,RUS
867,87311965,0BZK0964,35751673,1863 Maple Highway,Rivertown,Nevada,68393,US,RUS
402,94416946,8ETD0405,77175079,6303 Sequoia Court,Brookfield,Alaska,,US,RUS
785,13035121,4NVI0462,91527289,1798 Chestnut Str,Meadowville,Florida,62510,US,RUS
472,94632989,6LTF0435,58648409,3492 Hickory Highway,Hilltop,Louisiana,74595,US,RUS
943,71712449,2WOT0842,36049040,8526 Birch Ctr,Meadowville,New York,96720,US,RUS
932,99217961,4IZH0975,29007347,2926 Sycamore Lp,Sunnyvale,Florida,28898,US,RUS
954,26505047,5NQX0920,73175446,Pine Drive,Easton,Illinois,22476,US,RUS
774,80770863,3JJR0284,82111994,8270 Aspen Aly,Rivertown,Wisconsin,95562,US,RUS
713,61082735,9UAU0949,63480411,3954 Birch Highway,Sunnyvale,Arkansas,97863,US,RUS
337,22953335,2RGV0472,34182062,7492 Maple Xing,Mapleton,New Jersey,48499,US,RUS
286,72306845,3PPB0673,65901822,390 Hickory Trl,Sunset Hills,New Jersey,28615,US,RUS
384,83141253,3NJC0125,84347621,6528 Chestnut Ct,Meadowville,Virginia,84301,US,RUS
926,84640094,4BAG0590,28894568,2185 Peach Highway,Kingsport,Maine,69370,US,RUS
594,57371335,2ZLK0306,14452826,7312 Spruce Blvd,Springfield,Rhode Island,92325,US,RUS
882,75855141,5ERN0322,27135468,408 Hickory Ln,Kingsport,Virginia,45733,US,RUS
437,51334292,5DLZ0725,63320009,1681 Elm GardensCrescent,Eaglewood,Texas,11807,US,RUS
666,97488350,0ZKT0356,78901033,4888 Cherry Rd,Brookfield,Mississippi,94110,US,RUS
57,27409593,3HSH0558,24800303,460 Sycamore Dr,Brookfield,Maine,38701,US,RUS
420,19403046,8GTS0254,84640094,7271 Cherry Circle,Rockville,Vermont,84777,US,RUS
352,42932238,5RQV0258,69715333,3662 Aspen Ave,Meadowville,Indiana,84891,US,RUS
691,15070834,7RRT0307,46513492,6746 Poplar Ctr,Brookfield,South Dakota,47804,US,RUS
251,51307931,5JUJ0852,14692902,8 Chestnut Circle,Lakeside,Louisiana,63552,US,RUS
102,53603886,4TAC0238,16427295,1 Chestnut Sq,Harborview,Vermont,48763,US,RUS
44,64757097,5FZP0726,25691640,8622 Elm Str,Eaglewood,Oregon,77440,US,RUS
552,66243951,9BEQ0718,88860178,5625 Elm Ct,Mapleton,Illinois,95620,US,RUS
358,22921827,6ISN0506,37478937,2724 Oak Dr,Rockville,Oregon,55164,US,RUS
632,32018929,2NVO0845,37269162,8272 Walnut Str,Rockville,Michigan,28792,US,RUS
650,75185546,9JTK0938,44826243,6902 Sequoia Pkwy,Lakeview,New Jersey,,US,RUS
765,33417702,2FKU0313,44011808,992 Spruce Sq,Ridgecrest,South Carolina,87239,US,RUS
682,21013669,2GRS0267,87311965,9153 Sycamore Place,Sunnyvale,North Dakota,23786,US,RUS
941,35771047,0WQZ0044,82490331,5860 Walnut Ter,Westbrook,Iowa,86476,US,RUS
468,48798421,6PGJ0097,63202186,322 Birch Trl,Sunnyvale,Alaska,32521,US,RUS
61,65098422,3LMH0510,60799003,463 Cedar Ter,Brookfield,Nevada,,US,RUS
359,73995383,8XOQ0018,34062388,8030 Pine Ctr,Fairview,Kentucky,26988,US,RUS
658,90379657,1YDB0109,62261818,8825 Laurel Mill,Westbrook,Hawaii,,US,RUS
554,61994877,6PRR0403,53800384,3576 Walnut Dr,Rivertown,North Dakota,10021,US,RUS
492,67768224,4DYN0742,18401388,4347 Birch Ter,Rivertown,North Dakota,97880,US,RUS
181,45013532,5MUW0525,76090484,6350 Spruce Dr,Fairview,Maryland,70677,US,RUS
280,89864109,9HAG0625,99387492,7 Aspen Lp,Ridgecrest,Delaware,92226,US,RUS
417,97073481,7NSU0946,87974880,8701 Sequoia Lp,Brookfield,Maryland,79356,US,RUS
508,79929030,9GTR0694,46538524,335 Birch Trl,Lakeside,Mississippi,89336,US,RUS
858,61606535,0LCF0995,92393246,6265 Willow Ctr,Sunnyvale,Texas,96216,US,RUS
270,95113777,2ZZR0031,82989756,583 Sequoia Rd,Mapleton,Ohio,36855,US,RUS
205,23751502,4LOW0912,25250826,4023 Cypress Dr,Meadowville,Washington,67960,US,RUS
32,62909194,5EEU0699,34384230,6851 Sequoia Trl,Rivertown,Hawaii,21242,US,RUS
920,81725124,0CRD0950,61994877,6869 Peach Blvd,Rivertown,Oregon,52989,US,RUS
317,18447363,5KSK0966,46311149,9 Maple Ct,Sunnyvale,Utah,28587,US,RUS
627,58648409,1SRV0278,12069736,4151 Cedar Dr,Easton,Hawaii,40359,US,RUS
634,58383414,1YZT0701,54196388,9231 Aspen GardensCrescent,Greenfield,Idaho,,US,RUS
90,59581317,9BCZ0314,84400855,1661 Walnut Str,Brookfield,Kentucky,31604,US,RUS
673,63335284,1WOU0659,21013669,3 Pine Rd,Kingsport,Mississippi,92826,US,RUS
350,53221655,4LOW0912,60545241,1347 Peach Trl,Cliffside,Idaho,58851,US,RUS
842,10652545,5DHE0533,58648409,477 Spruce Xing,Hilltop,Delaware,20776,US,RUS
73,87974880,9KQJ0109,76224956,6738 Cherry Trl,Lakeside,Nevada,45720,US,RUS
743,29877655,2SNM0325,19968148,7098 Sycamore Dr,Sunset Hills,Washington,60240,US,RUS
378,26133733,4JYY0479,59464053,7051 Cherry Rd,Sunset Hills,Michigan,,US,RUS
790,99828659,5EVG0287,75185546,2324 Spruce Rd,Rivertown,Utah,40035,US,RUS
376,25173645,3VYG0673,84804428,9599 Cedar Square,Kingsport,Texas,36105,US,RUS
888,92710956,9HAG0625,73726461,6175 Sequoia Ter,Lakeside,Louisiana,,US,RUS
58,17724377,8KQL0840,90779288,8054 Pine Blvd,Eaglewood,Kentucky,48506,US,RUS
376,24035934,6IFK0782,46313714,6078 Elm Str,Fairview,Georgia,63004,US,RUS
74,21688247,3NNS0996,90379657,3 Walnut Rd,Springfield,Nevada,13922,US,RUS
14,21706822,1LOD0176,62189574,1736 Willow Trl,Greenfield,Florida,91374,US,RUS
449,53561733,6DKP0312,59581317,5458 Birch Trl,Lakeview,California,37670,US,RUS
66,59895526,4CXR0917,31947874,3943 Poplar Dr,Rockville,New Hampshire,95871,US,RUS
600,72152602,9QPV0223,48483391,1638 Maple Xing,Rainbow City,Colorado,,US,RUS
300,62976491,1FYH0642,53652200,6648 Willow Dr,Sunnyvale,Louisiana,71365,US,RUS
405,25424730,4MTE0494,45686850,642 Willow Xing,Rockville,Texas,35257,US,RUS
945,73525660,1ADZ0030,70230158,4096 Poplar Str,Meadowville,Oregon,18525,US,RUS
719,95851287,5EVG0287,57833378,7639 Spruce Highway,Harborview,Kansas,89843,US,RUS
119,77736520,7TJY0256,41943814,3005 Laurel Mill,Rivertown,North Carolina,12301,US,RUS
676,27064697,5LEO0823,67953850,3185 Laurel Aly,Rockville,Idaho,92378,US,RUS
836,95321064,9QPV0223,55778127,1 Laurel GardensCrescent,Sunnyvale,Delaware,75551,US,RUS
729,48803613,7KAW0243,57782226,3624 Birch Lp,Rivertown,North Carolina,75867,US,RUS
131,90655537,7BKF0681,73525660,9706 Cherry Avenue,Meadowville,Georgia,28173,US,RUS
510,13302231,3EFC0581,42743976,3378 Peach Pl,Easton,New Mexico,67640,US,RUS
701,64143940,1ZJV0855,42394987,1736 Pine Sq,Meadowville,Minnesota,33729,US,RUS
429,77279818,7GBM0421,79158724,6060 Cherry Dr,Springfield,Hawaii,19930,US,RUS
169,52005450,5JDF0530,27064697,8250 Birch Str,Kingsport,Missouri,99698,US,RUS
559,69527680,9ATY0110,60493238,6268 Birch Aly,Sunset Hills,Rhode Island,94529,US,RUS
931,76729093,6SIM0228,49161774,2012 Poplar Ln,Rockville,Georgia,29369,US,RUS
533,50041997,9PGQ0230,35513093,3178 Poplar Mill,Kingsport,South Carolina,69165,US,RUS
940,41977095,4BDH0933,51558401,1591 Redwood Blvd,Sunset Hills,Indiana,65927,US,RUS
137,39059525,8KOQ0172,63743714,1174 Peach Ct,Fairview,Kansas,66391,US,RUS
236,27599999,9SSD0831,77279818,1 Oak Pl,Eaglewood,Iowa,23352,US,RUS
291,31676836,1BAK0215,14549167,Birch Pl,Rivertown,Kansas,51344,US,RUS
18,21345082,0WXV0966,29877655,6082 Sycamore Road,Cliffside,Massachusetts,41772,US,RUS
721,22452224,3HUD0850,60988514,8412 Maple Rd,Rivertown,Washington,97732,US,RUS
954,63866075,7ZMC0939,24035934,1976 Aspen Ln,Sunset Hills,New Hampshire,66773,US,RUS
49,42079898,6DJF0415,53603886,6742 Cypress GardensCrescent,Springfield,Iowa,74874,US,RUS
257,82212702,8HBM0724,19634584,2977 Maple Blvd,Lakeside,Alabama,76349,US,RUS
892,77352694,0GWT0119,87080903,9218 Chestnut Dr,Sunnyvale,Nebraska,83314,US,RUS
918,62317337,5MUW0525,55030040,847 Peach Drive,Rainbow City,Tennessee,89093,US,RUS
438,37773191,1ZJV0855,31394607,1481 Laurel Loop,Easton,Idaho,66731,US,RUS
770,53580369,0NSI0273,72780711,1269 Laurel Pkwy,Lakeview,Maryland,28454,US,RUS
435,51064915,8PSA0010,62486800,8779 Aspen Pl,Lakeview,Connecticut,,US,RUS
534,53250221,2AWN0946,42436409,4261 Oak Ter,Lakeside,North Carolina,44400,US,RUS
462,95749791,4WTA0455,54125434,9234 Laurel Rd,Sunset Hills,Utah,,US,RUS
550,52172378,1SUZ0604,98084927,2974 Sycamore Lp,Springfield,Kentucky,13727,US,RUS
236,68597943,1SLT0033,22340420,9 Birch Str,Rivertown,Georgia,92583,US,RUS
29,87066880,9SZU0926,60651304,4755 Birch Ctr,Greenfield,Hawaii,54896,US,RUS
945,75834784,7YPQ0620,56213876,357 Oak Sq,Brookfield,Tennessee,62953,US,RUS
187,60274308,7AWI0756,52046885,2317 Magnolia Square,Rainbow City,Oregon,22822,US,RUS
729,48384435,8XJR0126,35726033,8470 Sequoia Sq,Ridgecrest,Wyoming,67199,US,RUS
925,22566460,1WTS0507,48585528,7502 Magnolia Circle,Easton,Washington,52368,US,RUS
777,83129892,2ZVV0188,71468481,1756 Laurel Ter,Mapleton,Florida,98436,US,RUS
230,94388704,9MGY0798,77519707,2748 Sycamore Place,Hilltop,Hawaii,12443,US,RUS
838,25691640,7AIP0297,78901033,3282 Oak Aly,Lakeside,Massachusetts,79513,US,RUS
302,48937510,0YTZ0101,74632363,2 Cherry GardensCrescent,Hilltop,Florida,48173,US,RUS
267,41943814,7KOK0063,80846630,4392 Spruce Xing,Easton,Wisconsin,17920,US,RUS
941,54125434,1RYA0767,95538225,2920 Redwood Ter,Fairview,Louisiana,21419,US,RUS
727,24712552,4HDZ0141,70955992,862 Maple Str,Mapleton,Florida,19309,US,RUS
682,93167040,2BVM0346,82294448,2712 Poplar Blvd,Fairview,Nebraska,18329,US,RUS
770,25897110,4HHR0598,94416946,318 Elm Ctr,Hilltop,California,40506,US,RUS
365,61149426,4WGQ0102,63320009,8507 Maple Ave,Greenfield,Wyoming,21079,US,RUS
372,90505858,0BCQ0786,79170244,3364 Chestnut Ctr,Harborview,Ohio,,US,RUS
751,33520281,4TFK0954,58437983,3022 Hickory Highway,Kingsport,North Dakota,19170,US,RUS
670,84170877,8LLN0774,62587549,1 Spruce Ctr,Greenfield,Montana,36029,US,RUS
235,98157893,4SBR0205,84832673,1183 Spruce Dr,Lakeview,Louisiana,,US,RUS
604,91907768,5SZD0492,33429565,1625 Oak Trl,Greenfield,Nevada,63034,US,RUS
475,27123129,8RVG0014,15016262,4566 Chestnut Parkway,Kingsport,Louisiana,65598,US,RUS
901,82747063,3WBO0698,63202186,9953 Cherry Dr,Rockville,Pennsylvania,30335,US,RUS
637,11271234,7QUK0308,39197795,9 Cypress Ctr,Greenfield,Texas,30627,US,RUS
512,59192602,1GIL0121,77352694,6899 Birch Ave,Rainbow City,California,,US,RUS
883,51003400,5JKO0883,66718516,5 Sycamore Xing,Hilltop,Maine,32162,US,RUS
398,49900301,6UYW0061,60209088,6418 Spruce Highway,Easton,Hawaii,55567,US,RUS
233,25919493,9AIK0883,13302231,1228 Cedar Ter,Cliffside,Louisiana,80031,US,RUS
638,57210307,5ECP0559,43729775,9083 Pine Pl,Easton,Texas,85850,US,RUS
474,85976866,7IMR0150,25919493,104 Redwood Str,Brookfield,Illinois,34189,US,RUS
789,29399149,2SRB0373,87243101,Hickory Xing,Lakeside,Arkansas,,US,RUS
714,90602675,5LQG0302,72453824,6497 Hickory Dr,Springfield,Alabama,77633,US,RUS
696,76224956,2ZUX0467,89134368,Oak Mill,Rainbow City,Alaska,32381,US,RUS
287,34573549,5NPF0508,67397732,1751 Birch Blvd,Springfield,Delaware,28301,US,RUS
402,37542534,4LJX0315,47108351,5111 Pine Pl,Kingsport,Montana,13093,US,RUS
587,80306283,1CIZ0964,80898298,7 Maple Ct,Sunset Hills,Utah,92169,US,RUS
598,95528312,0ZZY0023,17599177,5259 Chestnut Xing,Meadowville,Kentucky,77455,US,RUS
360,18401388,5LEO0823,67693610,489 Elm Circle,Greenfield,Colorado,98851,US,RUS
962,45686850,0JMT0729,52062651,2203 Laurel Ave,Rainbow City,Idaho,,US,RUS
791,98565603,3IFW0330,24712552,9239 Redwood Ctr,Rivertown,New Jersey,11274,US,RUS
677,14334820,2DKM0400,96377514,2957 Sequoia Blvd,Sunset Hills,North Carolina,38042,US,RUS
244,54798928,2IJF0028,26133733,Sycamore Ln,Mapleton,Maryland,70046,US,RUS
756,23328526,7ZEE0727,54396323,3287 Cherry Street,Mapleton,Alabama,32555,US,RUS
842,98313911,5MYT0671,95583720,8938 Magnolia Xing,Lakeview,Nebraska,69576,US,RUS
186,73605156,0GTU0356,74302322,1249 Oak Lp,Sunset Hills,Michigan,33991,US,RUS
525,12175088,0CZG0849,49900301,7330 Pine Pkwy,Harborview,Hawaii,,US,RUS
487,66890568,9BVN0474,55947333,9630 Walnut Ter,Sunnyvale,Illinois,94014,US,RUS
936,80879010,5DTH0369,86206711,5378 Oak Trl,Rainbow City,Texas,58179,US,RUS
537,47291057,9AIP0498,67713469,Poplar Dr,Sunnyvale,Pennsylvania,93259,US,RUS
533,84347621,6AUD0530,64757097,9784 Sequoia Highway,Rivertown,Illinois,69520,US,RUS
287,32826157,3ZEV0639,99828659,6917 Walnut Ave,Meadowville,Virginia,88975,US,RUS
611,93100180,1GTY0871,44262365,2375 Pine Avenue,Mapleton,Iowa,50009,US,RUS
570,88306991,2BKX0832,45013532,9572 Pine Mill,Greenfield,Maine,16245,US,RUS
228,81792117,6UHK0709,57371335,3941 Birch Xing,Sunset Hills,Mississippi,55417,US,RUS
97,54600428,0GGP0236,41466196,6254 Magnolia Ct,Kingsport,Colorado,47947,US,RUS
797,10275613,1TUP0619,88413755,8412 Spruce Xing,Brookfield,Vermont,23123,US,RUS
145,77175079,8VOX0380,66718516,4953 Cypress Ter,Harborview,North Carolina,,US,RUS
566,66818712,7ZZO0200,58335111,Oak GardensCrescent,Kingsport,Oregon,81002,US,RUS
380,52405006,7RUC0670,43729775,9 Elm Ave,Meadowville,Utah,21533,US,RUS
850,39523975,6RRP0552,65134427,7729 Maple Pl,Rockville,Idaho,56515,US,RUS
831,60799003,7ZEE0727,35608002,8162 Poplar Trl,Rockville,Tennessee,41344,US,RUS
560,92898143,0BPV0315,33141145,6093 Oak Ctr,Rainbow City,New Hampshire,99463,US,RUS
910,48932959,0MUE0357,63118447,6269 Sequoia Trail,Westbrook,Missouri,89761,US,RUS
99,56040920,9HOI0029,42394987,3225 Cypress Aly,Rockville,New York,63680,US,RUS
287,66552674,3IFB0971,35608002,8290 Peach Aly,Sunset Hills,South Carolina,58541,US,RUS
109,71468481,4MTE0494,89134368,8896 Walnut GardensCrescent,Harborview,Texas,88344,US,RUS
923,47690810,5FWB0181,10839112,2185 Cedar Pkwy,Fairview,Colorado,20602,US,RUS
914,98067533,1GIL0121,23751502,1045 Oak Sq,Greenfield,Washington,68121,US,RUS
954,34979907,8KKV0250,49161774,7743 Redwood Center,Lakeside,Arkansas,19463,US,RUS
725,75037137,8SLY0149,48040539,Laurel Aly,Meadowville,Tennessee,34704,US,RUS
407,20552729,7TQB0888,79158724,2936 Walnut Lp,Fairview,New Hampshire,33076,US,RUS
536,24432747,4ZQI0486,70975614,7260 Magnolia Dr,Rainbow City,Maryland,80022,US,RUS
405,74382849,5WRB0981,53456759,Aspen Avenue,Meadowville,Washington,19018,US,RUS
938,57907679,0LCW0802,62076593,538 Redwood Sq,Easton,Connecticut,13741,US,RUS
254,76090484,1GTY0871,47665260,741 Poplar Lp,Harborview,North Carolina,,US,RUS
296,99263996,3UQT0936,41548069,637 Elm Pkwy,Hilltop,Texas,26632,US,RUS
128,98084927,2JPZ0290,26139044,8957 Laurel Ct,Sunnyvale,Oregon,,US,RUS
322,46311149,9JDQ0024,22921827,1247 Birch Lp,Kingsport,Indiana,18149,US,RUS
807,28112248,0HLO0740,24035934,134 Walnut Crossing,Cliffside,Mississippi,38116,US,RUS
124,33077872,3HXG0936,68244433,3285 Pine Pkwy,Rockville,Florida,79856,US,RUS
353,85347687,5FZE0209,30251121,3426 Willow Pl,Brookfield,Kentucky,47258,US,RUS
509,22616792,4JYY0479,88467734,3 Poplar Alley,Rockville,Ohio,26985,US,RUS
167,17981348,6ZTZ0980,81792117,1658 Sycamore Lp,Easton,California,61909,US,RUS
167,34062388,8VOU0842,62319030,9 Magnolia Ct,Lakeview,New York,86992,US,RUS
791,33951740,2JLB0124,67272338,2 Oak Trl,Easton,Iowa,91480,US,RUS
10,13073399,6KTM0664,83141253,Willow Xing,Easton,Wisconsin,80473,US,RUS
746,20097582,8POP0632,71712449,4428 Magnolia Trl,Kingsport,California,94181,US,RUS
36,73675299,4VMV0537,64757097,5712 Laurel Circle,Hilltop,Tennessee,56237,US,RUS
256,44011808,0DTZ0553,62990974,1571 Sequoia Rd,Springfield,Washington,41218,US,RUS
25,55030040,3JJR0284,19634584,2089 Aspen Ave,Eaglewood,Hawaii,24593,US,RUS
752,58745687,8RPB0259,23751502,1091 Laurel Xing,Sunset Hills,Nebraska,68858,US,RUS
716,53800384,8QCN0996,68597943,4886 Walnut Ln,Kingsport,California,35410,US,RUS
881,33485362,1QUX0701,35584370,9095 Birch Mill,Eaglewood,Colorado,,US,RUS
88,19634584,5ZFR0727,91907768,Magnolia Rd,Rivertown,South Dakota,76333,US,RUS
552,69582047,5GOT0204,84483665,6070 Laurel Parkway,Westbrook,Virginia,78007,US,RUS
936,18980682,7FZI0281,87734958,5860 Laurel Lp,Brookfield,Rhode Island,85452,US,RUS
823,13287362,9WDK0921,80898298,2632 Poplar Pkwy,Sunnyvale,Hawaii,56816,US,RUS
455,40742674,2BVM0346,48585528,2662 Sycamore Street,Rockville,New Jersey,48666,US,RUS
336,90873674,8HBM0724,70579096,7473 Poplar GardensCrescent,Cliffside,West Virginia,70359,US,RUS
565,86206711,4BDH0933,32241319,4473 Chestnut Center,Lakeview,Michigan,,US,RUS
818,21110510,4OMQ0619,62189574,2666 Cherry Blvd,Rainbow City,South Dakota,91519,US,RUS
258,19541315,0YQG0751,52807748,407 Willow Ctr,Brookfield,Virginia,78065,US,RUS
810,42376429,0RLZ0542,17974327,6935 Spruce Ter,Kingsport,Iowa,13670,US,RUS
173,20787606,2JTD0342,27599999,2028 Elm Ctr,Greenfield,Maryland,,US,RUS
843,22235689,2MOU0173,45686850,6585 Cedar Ave,Meadowville,New Hampshire,23102,US,RUS
7,75871739,1XQK0051,33545401,7860 Magnolia Str,Springfield,New Mexico,31924,US,RUS
557,45272520,4KLK0756,98286561,600 Redwood Trail,Rockville,South Carolina,66720,US,RUS
817,25672830,4SGY0300,30005766,2567 Sequoia Ln,Easton,Idaho,96534,US,RUS
333,85494016,7XJA0291,85031478,6355 Sycamore Ave,Lakeside,Ohio,72436,US,RUS
848,90282782,7AWI0756,11145877,3059 Cypress Dr,Mapleton,Delaware,74575,US,RUS
907,48235680,1EQS0658,57392004,7707 Maple Ctr,Rivertown,North Carolina,14415,US,RUS
729,95075800,3HQR0737,37828211,5735 Laurel Blvd,Hilltop,Kansas,45552,US,RUS
852,94943311,6UBV0602,81601466,9447 Pine Highway,Kingsport,New York,73088,US,RUS
625,44344106,2UZN0376,24471856,2142 Cherry Pl,Rainbow City,Maryland,85290,US,RUS
375,79618689,8ICX0750,19307241,9 Sycamore Pl,Rainbow City,Utah,91713,US,RUS
746,97583144,4MAK0323,48235680,2585 Willow Lp,Sunset Hills,Kentucky,22290,US,RUS
765,72308925,7FDR0839,94269350,Redwood Aly,Rainbow City,North Carolina,68874,US,RUS
994,77509694,1XXU0248,55778127,1775 Maple Aly,Rainbow City,Rhode Island,19734,US,RUS
558,88733050,2DKM0400,14452826,153 Magnolia Ct,Westbrook,Georgia,38429,US,RUS
735,35085967,6WOY0443,43641124,3701 Chestnut Pl,Fairview,Michigan,31766,US,RUS
744,71529413,9UAU0949,78888083,409 Chestnut Ave,Cliffside,Ohio,76062,US,RUS
57,51817631,2COI0836,12069736,8823 Hickory Circle,Sunset Hills,South Carolina,91604,US,RUS
734,92808468,8EIX0719,56594566,1655 Cypress Pkwy,Rockville,Missouri,,US,RUS
638,10839112,8NKH0091,69527680,4101 Hickory Ter,Harborview,Indiana,,US,RUS
723,35584370,9NLR0717,30005766,9821 Hickory Mill,Springfield,Maine,74143,US,RUS
498,96616297,2IJF0028,52807748,5256 Sequoia Dr,Lakeside,Illinois,75074,US,RUS
444,81633087,4HHR0598,58582686,7126 Willow Blvd,Ridgecrest,Maryland,76736,US,RUS
775,86507678,8VTB0384,64143940,1653 Oak Circle,Rainbow City,Vermont,47517,US,RUS
998,72780711,2RNH0582,27723222,9 Redwood Pl,Lakeside,Kentucky,68455,US,RUS
563,35610174,4TVZ0748,19634584,4851 Sequoia Mill,Fairview,Alaska,75760,US,RUS
669,32998666,5QLZ0554,18844395,2700 Cypress Ave,Mapleton,Mississippi,95547,US,RUS
30,50401492,9HOI0029,22235689,2246 Chestnut Rd,Ridgecrest,Alabama,64102,US,RUS
530,50095645,3NCQ0913,57814916,588 Laurel Ter,Ridgecrest,Maryland,98607,US,RUS
6,76125502,1BHK0952,83972745,6244 Oak Circle,Hilltop,Connecticut,48269,US,RUS
305,62633340,4DBY0051,87656751,6171 Maple Highway,Meadowville,Michigan,56748,US,RUS
604,37586561,9FLR0577,40231218,416 Elm Street,Westbrook,Pennsylvania,30934,US,RUS
434,54161705,7YNE0277,57814916,8 Aspen GardensCrescent,Springfield,Oklahoma,,US,RUS
479,60988697,7EIA0346,48240182,4072 Maple Highway,Rainbow City,New Jersey,26296,US,RUS
737,91653594,3RYS0252,56040920,7 Laurel Rd,Meadowville,Nevada,76990,US,RUS
398,56991414,2SNM0325,19403046,3338 Willow Aly,Eaglewood,Pennsylvania,57740,US,RUS
183,46513492,8GBC0230,95528312,2546 Cherry Ave,Harborview,Arizona,36117,US,RUS
403,28894568,3TOY0988,21583926,3006 Spruce Ct,Brookfield,Maine,88608,US,RUS
984,55525241,5PTL0050,29399149,4629 Magnolia Ct,Rockville,Alabama,86153,US,RUS
121,28185755,3IUU0439,21380250,2319 Cypress Str,Lakeview,Mississippi,73215,US,RUS
461,57556729,9RTI0130,57814916,9616 Hickory Dr,Brookfield,Massachusetts,14283,US,RUS
346,47813104,8GBC0230,12091446,6 Magnolia Ct,Harborview,South Carolina,22127,US,RUS
815,34182062,3VYG0673,81243037,861 Willow Rd,Easton,Tennessee,43935,US,RUS
69,10454443,8CUQ0628,87010936,688 Aspen Rd,Rivertown,New Jersey,84391,US,RUS
748,20500952,9BDC0794,50130795,7034 Chestnut Highway,Cliffside,Oklahoma,,US,RUS
291,73726461,9FPN0234,81836467,4243 Walnut Pl,Fairview,Wyoming,44750,US,RUS
676,66813463,4KXU0325,35780302,4736 Willow Trl,Rivertown,Delaware,44728,US,RUS
444,45989749,6GQI0398,42394987,4014 Cedar Pl,Eaglewood,Massachusetts,82691,US,RUS
347,88945087,1MXE0985,23751502,516 Hickory Pl,Rivertown,Louisiana,86753,US,RUS
559,66889399,4UUI0513,23751502,8 Laurel Ave,Kingsport,Massachusetts,12929,US,RUS
542,72538149,6DKP0312,96966877,4219 Cedar Rd,Hilltop,Minnesota,57577,US,RUS
108,15809979,5NZM0848,26750452,9452 Aspen Lp,Harborview,Massachusetts,82910,US,RUS
907,13746606,8POO0498,24175177,2207 Magnolia Pl,Rivertown,New Mexico,47485,US,RUS
508,62319030,1WUC0892,87922137,1081 Cherry Ave,Westbrook,New Mexico,,US,RUS
840,72681076,1PBS0010,91906029,2402 Peach GardensCrescent,Ridgecrest,Alaska,35374,US,RUS
971,11145877,5IIU0658,53274249,4700 Sycamore Xing,Meadowville,Washington,26558,US,RUS
721,60422965,5DHE0533,62310371,Cypress Pl,Springfield,Missouri,24478,US,RUS
116,95583720,0BPV0315,53561733,1729 Hickory Blvd,Hilltop,Iowa,64413,US,RUS
921,27905992,2AEX0128,85318734,5454 Elm Highway,Lakeside,Georgia,70378,US,RUS
939,15355224,3JAZ0292,67449811,6646 Cypress Lp,Harborview,Missouri,76455,US,RUS
698,25556744,2RNH0582,11339176,6269 Peach Ln,Springfield,New York,25792,US,RUS
196,90690909,7YLW0994,58582686,3233 Hickory Xing,Ridgecrest,Mississippi,99126,US,RUS
176,49241665,8LBM0585,66593105,4291 Sequoia Ter,Meadowville,Delaware,23299,US,RUS
653,42513296,0LEX0507,51283716,5 Cypress Pkwy,Lakeview,Minnesota,92313,US,RUS
467,54312709,7KPI0074,95851287,Cypress GardensCrescent,Rivertown,California,46327,US,RUS
956,85318734,6MFJ0145,35584370,8273 Cherry Pkwy,Brookfield,Delaware,53942,US,RUS
205,75711159,9BEQ0718,32881232,4569 Walnut Str,Harborview,Virginia,41474,US,RUS
624,22710910,4FEE0867,23259595,9382 Laurel Mill,Rockville,Connecticut,89009,US,RUS
461,52807748,0KKZ0984,33545401,5181 Maple Aly,Cliffside,Indiana,87475,US,RUS
51,32988815,1VLT0486,31832459,5990 Sequoia Ln,Harborview,Minnesota,93468,US,RUS
849,43800887,7JZU0477,50095645,2994 Laurel Ave,Fairview,Nevada,,US,RUS
616,27949585,0GGP0236,19456227,7217 Peach Blvd,Easton,Kansas,24551,US,RUS
950,45522817,1YIE0920,66243951,4303 Walnut Alley,Harborview,Washington,42163,US,RUS
800,51390397,4KXU0325,35085967,3588 Sequoia Circle,Fairview,Hawaii,28335,US,RUS
774,33141145,2CNG0685,68424776,7024 Cherry Ctr,Meadowville,Vermont,44808,US,RUS
377,12497117,0MXY0710,35608002,2179 Elm Pkwy,Greenfield,Kentucky,22137,US,RUS
140,88007260,1KBM0358,33485362,8278 Spruce Trl,Lakeview,Massachusetts,,US,RUS
740,14378492,8WPI0546,32998666,5012 Cypress GardensCrescent,Lakeview,Arkansas,96218,US,RUS
550,68976534,1MHR0010,62881600,9661 Walnut Ter,Ridgecrest,North Carolina,24942,US,RUS
146,73175446,4VMV0537,19456227,Redwood Boulevard,Meadowville,Maine,23923,US,RUS
44,80471878,0EHA0312,56803801,1318 Laurel Ln,Lakeview,Washington,74638,US,RUS
561,27135468,4HPA0321,25121433,1250 Cherry GardensCrescent,Fairview,New York,60122,US,RUS
731,48040539,1TUP0619,99858674,2452 Cypress Ln,Hilltop,Mississippi,27796,US,RUS
802,76166102,7BVA0414,41160695,9458 Pine Ter,Fairview,Vermont,87058,US,RUS
794,57814916,2DWX0509,80471878,3830 Oak Sq,Rainbow City,Vermont,94347,US,RUS
987,23832603,6DPU0020,89864109,425 Laurel Street,Harborview,North Dakota,80315,US,RUS
430,36423981,9LWT0461,63001592,2206 Poplar Trl,Harborview,Delaware,75661,US,RUS
830,35930692,0CZG0849,61902829,857 Cherry Ln,Sunnyvale,Virginia,22556,US,RUS
380,87623877,0RLZ0542,77574403,3575 Aspen Trl,Rockville,Montana,10213,US,RUS
500,43000089,3MBR0486,77241645,5741 Cedar Pkwy,Rainbow City,Georgia,24582,US,RUS
332,18289456,6DBO0945,41466196,767 Maple Ct,Rainbow City,Indiana,25301,US,RUS
455,78901033,7XCF0782,66461688,2817 Cherry Blvd,Rainbow City,Nebraska,,US,RUS
636,28980847,0EUI0941,57833378,Willow GardensCrescent,Rivertown,Florida,95868,US,RUS
470,37171780,8RSI0029,24417104,2859 Maple Pkwy,Sunset Hills,Indiana,42420,US,RUS
525,78731433,2GDO0485,40309252,4391 Magnolia GardensCrescent,Mapleton,Illinois,20947,US,RUS
404,44514217,3HUD0850,94269350,1 Peach Xing,Kingsport,South Dakota,21663,US,RUS
449,68433278,3QKF0540,90067681,3408 Sequoia Blvd,Eaglewood,Tennessee,56586,US,RUS
343,70975614,0JMT0729,94982548,8764 Laurel Trl,Kingsport,Washington,,US,RUS
172,13017177,0QFH0049,34979907,1758 Elm Circle,Kingsport,Kentucky,,US,RUS
481,27442307,2SAT0427,13017177,5918 Redwood GardensCrescent,Lakeview,New Mexico,21732,US,RUS
540,18844395,7JMA0849,51558401,Peach Aly,Rainbow City,Missouri,77981,US,RUS
157,51363026,4FEE0867,74266804,3668 Redwood Ter,Rainbow City,South Carolina,44950,US,RUS
277,61280142,6DJF0415,63480411,7151 Cedar Trl,Ridgecrest,Arkansas,48909,US,RUS
61,76657548,7XCF0782,51334292,4354 Elm Xing,Meadowville,Nebraska,,US,RUS
60,18492606,3DII0458,30175399,6253 Cedar Dr,Mapleton,Texas,58946,US,RUS
241,70972539,7AIP0297,64901195,6258 Cherry Circle,Easton,Massachusetts,10350,US,RUS
829,52475580,0KUM0823,27905992,4731 Pine Pl,Brookfield,New Jersey,82798,US,RUS
97,84832673,2VLE0588,43672606,2088 Spruce Lp,Westbrook,New Mexico,42098,US,RUS
289,87910940,3IUU0439,11216911,3843 Sequoia Lp,Meadowville,Georgia,11059,US,RUS
84,60159532,9NZN0352,52209813,8354 Magnolia Ct,Cliffside,Kentucky,45428,US,RUS
997,83920230,1XZL0498,90403517,3707 Willow Lp,Springfield,Virginia,24228,US,RUS
715,72922651,4BAG0590,21499615,Walnut Str,Mapleton,Maine,45360,US,RUS
498,47157186,9NID0743,71470165,2579 Cedar Ln,Hilltop,Alabama,40109,US,RUS
208,49583973,5HBU0917,27905992,8429 Sequoia Dr,Rainbow City,Minnesota,34476,US,RUS
503,82111994,6LEA0254,74366052,4099 Spruce Pl,Greenfield,Virginia,24629,US,RUS
553,29211455,6MXB0538,93395851,6970 Cedar Highway,Rainbow City,Wisconsin,,US,RUS
830,62189574,7MZP0652,77039478,9855 Laurel Ave,Harborview,New Mexico,44831,US,RUS
512,29026094,5SZD0492,80471878,1586 Sycamore Ct,Mapleton,Iowa,79913,US,RUS
530,22340420,3FAX0057,86206711,6309 Redwood Ct,Springfield,Rhode Island,85859,US,RUS
152,69605154,2WOT0842,51558401,4034 Magnolia Ter,Westbrook,Wisconsin,29310,US,RUS
982,45624217,9BKY0751,66818712,Hickory Ct,Rockville,Maine,67554,US,RUS
555,46238285,7QVW0642,35584370,7508 Sycamore Dr,Kingsport,Minnesota,73170,US,RUS
602,86299615,4TTX0550,83248986,1528 Cypress Ln,Rivertown,New Jersey,75442,US,RUS
395,80745939,6WZX0187,91917757,4810 Sycamore Xing,Springfield,Montana,80480,US,RUS
415,94084740,3QKF0540,38200348,3321 Hickory Ter,Fairview,Pennsylvania,48087,US,RUS
121,80516696,4VMV0537,46311149,1754 Magnolia Ln,Eaglewood,New Mexico,26397,US,RUS
749,61902829,3ZRP0511,85014964,Walnut Ln,Cliffside,Kentucky,,US,RUS
105,82989756,1ELR0992,97405000,2058 Cherry Lp,Ridgecrest,Indiana,,US,RUS
403,99858674,9BVN0474,72780711,4729 Sycamore Str,Easton,Oregon,15722,US,RUS
709,42436409,5DWC0836,81434054,2102 Oak Pkwy,Lakeside,Idaho,74518,US,RUS
848,51283716,8POP0632,44514217,5 Chestnut Circle,Harborview,Kentucky,86118,US,RUS
592,10238412,5SZD0492,18289456,7432 Aspen Blvd,Meadowville,Wyoming,96557,US,RUS
961,65238493,7TJJ0818,46538524,7902 Birch Ct,Harborview,Washington,41100,US,RUS
602,21749419,8OKF0807,87910940,5773 Laurel Pl,Fairview,Iowa,,US,RUS
181,28711131,4PMG0316,52046885,759 Elm Trl,Sunnyvale,Louisiana,56040,US,RUS
34,38902618,4NVI0462,73175446,1572 Aspen Rd,Kingsport,Delaware,,US,RUS
177,12498825,3ZNC0623,85147159,3958 Hickory Trl,Lakeview,Florida,85665,US,RUS
725,31502103,6AFD0085,47518072,4454 Cedar Square,Lakeside,Minnesota,78688,US,RUS
400,28902520,7ATV0287,59532503,Spruce Circle,Lakeview,Arizona,28347,US,RUS
410,71642403,5JJD0091,57556729,8971 Laurel Blvd,Westbrook,Utah,30844,US,RUS
673,94078585,5RZC0809,82336394,1632 Aspen GardensCrescent,Meadowville,Ohio,44219,US,RUS
546,33545401,7PDK0815,59895526,1541 Magnolia Rd,Kingsport,Massachusetts,,US,RUS
747,52047810,0RQU0588,46311149,6958 Pine Aly,Easton,Rhode Island,25567,US,RUS
351,51460112,5XOC0394,49900301,3099 Chestnut Place,Lakeside,California,45264,US,RUS
312,63480411,8MUD0092,19307241,4290 Laurel Blvd,Rivertown,Arkansas,95339,US,RUS
859,11216911,5JKO0883,95851287,7372 Birch Xing,Rivertown,South Carolina,89467,US,RUS
799,55947333,4YBA0093,89864109,927 Oak Sq,Harborview,Missouri,37701,US,RUS
1000,51197830,2APF0289,68701700,1 Laurel Ln,Greenfield,Texas,61047,US,RUS
312,85014964,7FDR0839,92898143,2859 Cypress Drive,Rainbow City,Mississippi,64484,US,RUS
618,94100035,5HTC0658,72885781,9384 Chestnut Pl,Hilltop,Colorado,11209,US,RUS
970,46107877,1RYU0553,16741238,5714 Willow Sq,Ridgecrest,Alaska,81413,US,RUS
131,96881023,6AQP0997,72453824,8243 Pine Ave,Hilltop,Mississippi,52421,US,RUS
277,83303286,5LEO0823,41466196,6246 Chestnut Road,Ridgecrest,Ohio,40447,US,RUS
545,85707929,2NVO0845,87922137,8628 Peach Ave,Meadowville,South Carolina,68098,US,RUS
359,69715333,2ZVV0188,55525241,4611 Hickory Pkwy,Fairview,Indiana,94416,US,RUS
836,83054748,9HMD0543,64143940,7905 Maple Dr,Eaglewood,Hawaii,19840,US,RUS
470,88832905,6DWQ0277,14452826,1314 Sequoia Mill,Harborview,Virginia,36439,US,RUS
758,62990974,0LEX0507,84760669,Maple Xing,Ridgecrest,Nevada,87154,US,RUS
494,63650982,8NXE0088,68597943,8287 Pine Center,Brookfield,New York,56479,US,RUS
59,11339176,6SIW0530,41548069,5715 Peach Blvd,Lakeview,Virginia,39634,US,RUS
259,63118447,5DLZ0725,53134581,Sequoia Sq,Cliffside,Minnesota,84295,US,RUS
472,93507249,1ASM0540,75855141,6779 Cherry Pkwy,Lakeview,Rhode Island,76618,US,RUS
512,28128752,5QOQ0140,97475038,3103 Aspen Highway,Eaglewood,North Dakota,31316,US,RUS
578,20184849,1AMH0810,13035121,2444 Oak Highway,Hilltop,Georgia,52638,US,RUS
458,34288504,1PCU0402,77519707,3654 Spruce Pl,Springfield,Mississippi,28727,US,RUS
817,34544741,7REB0846,31093883,3410 Willow Aly,Kingsport,Kentucky,59365,US,RUS
73,76551515,7YKS0956,77509694,4212 Cherry GardensCrescent,Easton,Kentucky,87754,US,RUS
946,62374487,8BRS0983,68055950,6725 Willow Square,Lakeside,Rhode Island,49051,US,RUS
852,74632363,8BRS0983,50041997,7563 Willow Ctr,Easton,Washington,26001,US,RUS
923,54396323,1EKO0302,64122364,6094 Maple Ter,Cliffside,California,11599,US,RUS
273,36595547,9GTR0694,94084740,1476 Birch Highway,Ridgecrest,North Carolina,55767,US,RUS
497,92393246,1EQS0658,63540920,1807 Maple Aly,Rainbow City,Arizona,39292,US,RUS
598,12571700,3FYJ0746,66186145,3141 Poplar Circle,Mapleton,Maine,,US,RUS
184,31408025,6DJA0531,29026094,9297 Maple Trl,Eaglewood,Texas,90873,US,RUS
350,54196388,6AFD0085,61902829,2490 Cherry Ln,Fairview,Illinois,95473,US,RUS
848,21380250,2AEX0128,67053989,8326 Birch Place,Sunnyvale,Tennessee,40966,US,RUS
238,73426409,7TIS0923,44011808,2329 Cherry Str,Rockville,North Dakota,,US,RUS
590,87952297,8PDK0229,66461688,7806 Elm Dr,Sunnyvale,California,18686,US,RUS
457,29385482,2VLE0588,96595579,1735 Spruce Ctr,Springfield,Connecticut,98540,US,RUS
143,70024192,6KJB0563,87953468,9883 Elm Street,Brookfield,Missouri,26633,US,RUS
315,55049958,6LBV0794,78731433,7 Magnolia Street,Easton,Oregon,30840,US,RUS
817,77519707,3JJR0284,70972539,Aspen Circle,Westbrook,Wyoming,98870,US,RUS
619,55604556,1BAK0215,20500952,6425 Willow Mill,Eaglewood,Oregon,99037,US,RUS
551,20346836,3FYJ0746,13017177,691 Magnolia Pkwy,Hilltop,Nebraska,34939,US,RUS
799,63001592,3NNM0124,73583913,7060 Peach Blvd,Harborview,Florida,54781,US,RUS
821,97405000,7KPI0074,28185755,6447 Oak Ave,Meadowville,South Dakota,21586,US,RUS
592,77897436,4TAG0594,38563885,3453 Chestnut Rd,Westbrook,North Dakota,37893,US,RUS
238,81601466,8YVT0576,93395851,Cypress Pkwy,Sunset Hills,Louisiana,33718,US,RUS
507,87010936,4IZH0975,72829139,478 Redwood Rd,Sunset Hills,Nevada,52500,US,RUS
24,47284938,7FSJ0915,22710910,9306 Aspen Ave,Easton,South Dakota,58218,US,RUS
384,35608002,2OKQ0574,64854647,2968 Walnut Ct,Eaglewood,Illinois,17733,US,RUS
339,47108351,4TVZ0748,82747063,8553 Redwood Pkwy,Hilltop,New Hampshire,99046,US,RUS
650,68378856,9XZO0337,51283716,346 Cedar Sq,Westbrook,Massachusetts,63937,US,RUS
188,98455769,1EKO0302,30969977,7061 Cypress Circle,Eaglewood,New Jersey,74612,US,RUS
7,70927607,6GIG0983,58582686,1538 Spruce Pkwy,Rockville,Mississippi,59829,US,RUS
408,80446904,1NHL0539,34979907,3957 Poplar Highway,Westbrook,Mississippi,89160,US,RUS
9,99598576,1WOU0659,70927607,6415 Spruce Mill,Rockville,Vermont,69372,US,RUS
588,32915502,5XQH0254,42012906,1545 Redwood Trl,Rivertown,Oregon,36817,US,RUS
119,73902326,0JIA0370,54196388,9502 Walnut Str,Rivertown,Florida,66527,US,RUS
434,64511959,4KXU0325,87873245,5101 Pine Crossing,Easton,Mississippi,39200,US,RUS
178,78885665,4DRT0184,84446142,Sequoia Dr,Hilltop,Alaska,93603,US,RUS
588,95538225,7SJT0824,54527957,9077 Maple Sq,Rockville,New Mexico,67964,US,RUS
789,94378458,9TBR0547,11145877,9685 Cedar Alley,Rockville,Iowa,31012,US,RUS
985,19439955,4XIV0594,77919704,3302 Hickory Dr,Rockville,Indiana,92861,US,RUS
849,89493422,5FZE0209,51327477,6050 Cypress Parkway,Kingsport,Wyoming,,US,RUS
64,92248988,5DWC0836,33699635,9464 Hickory Pkwy,Rivertown,Missouri,51650,US,RUS
592,73841505,2OKQ0574,83503463,Pine Circle,Kingsport,Tennessee,97715,US,RUS
576,35751673,9XZO0337,35608002,5453 Cedar Pkwy,Harborview,Massachusetts,69568,US,RUS
87,68195161,2VLE0588,64757097,8272 Cypress Lp,Springfield,Texas,28684,US,RUS
444,47790989,4BAG0590,64122364,4384 Poplar Pl,Kingsport,Pennsylvania,93634,US,RUS
470,57782226,5WRH0953,49179970,9255 Hickory Xing,Easton,Delaware,60845,US,RUS
940,56678565,8RVG0014,68055950,3691 Poplar Blvd,Hilltop,Indiana,87824,US,RUS
628,77524664,6DPU0020,63743714,3478 Maple Str,Rivertown,Virginia,74454,US,RUS
298,35769945,9OXP0677,72306845,7642 Spruce Ln,Sunnyvale,Connecticut,16108,US,RUS
996,82915360,4KNN0429,64715863,3001 Poplar Circle,Hilltop,Kansas,63139,US,RUS
89,49324675,4HDZ0141,18492606,1636 Sequoia Dr,Ridgecrest,New Hampshire,19244,US,RUS
848,58010375,8SUG0172,66718516,9 Sequoia Aly,Rockville,Kentucky,95176,US,RUS
627,67953850,7YRF0089,31338385,2745 Aspen Ter,Sunset Hills,Wyoming,59010,US,RUS
427,77241645,6JSS0789,59532503,117 Oak Str,Eaglewood,Mississippi,48228,US,RUS
832,62587549,9UVJ0691,30796026,1644 Elm Highway,Fairview,Kentucky,29004,US,RUS
168,20786595,0JZV0178,61082735,7646 Spruce Mill,Rainbow City,Michigan,89402,US,RUS
952,57734034,5LTM0852,11216911,6939 Magnolia Str,Kingsport,Idaho,,US,RUS
639,92966810,7KDZ0523,17974327,Cedar Drive,Kingsport,Montana,,US,RUS
250,82294448,8CUQ0628,49241665,Redwood Trail,Springfield,Oklahoma,76646,US,RUS
476,26171882,8EQF0512,53561733,6262 Laurel Xing,Harborview,Hawaii,85628,US,RUS
516,36349897,1GTY0871,92428363,5342 Walnut Highway,Rivertown,Missouri,63102,US,RUS
992,30358728,5XOC0394,84446142,6818 Magnolia Pl,Westbrook,Colorado,32694,US,RUS
724,77574403,8AYE0710,46238285,1562 Walnut Ave,Kingsport,Arizona,14110,US,RUS
632,31340527,6XVZ0308,66547407,4 Laurel Terrace,Sunnyvale,Maryland,44609,US,RUS
869,51033295,0JOQ0559,31340527,Poplar Ctr,Fairview,Oregon,15295,US,RUS
833,67397732,3NOC0273,84760669,1810 Redwood Pl,Rainbow City,Georgia,58074,US,RUS
908,41160695,2OLI0365,72131111,2 Poplar Lp,Cliffside,South Dakota,29404,US,RUS
981,71036117,2AKU0516,98157893,2196 Chestnut Trl,Brookfield,Montana,65498,US,RUS
110,25266403,1NMS0377,85707929,3734 Pine Circle,Springfield,Indiana,21864,US,RUS
828,70230158,6ZAC0434,76551515,8649 Redwood Sq,Greenfield,Rhode Island,29462,US,RUS
523,27627521,6YQK0684,30209934,9592 Cypress Pkwy,Mapleton,Alabama,51013,US,RUS
383,49161774,5FZE0209,90655537,4209 Sycamore Blvd,Lakeside,New Jersey,81401,US,RUS
63,81086143,7BKF0681,69527680,Magnolia Sq,Westbrook,Montana,91798,US,RUS
995,49948663,3NOC0273,40231218,8255 Sycamore Avenue,Westbrook,Mississippi,57489,US,RUS
295,59055148,5QPG0910,31340527,7419 Chestnut Terrace,Rainbow City,Texas,43198,US,RUS
855,89371774,5BSO0691,84031182,4424 Spruce GardensCrescent,Rivertown,Utah,29518,US,RUS
966,30575606,1NHL0539,88392265,4941 Sycamore Avenue,Westbrook,Louisiana,58211,US,RUS
850,11837642,4XQB0485,22226419,2 Oak Ctr,Kingsport,Mississippi,41509,US,RUS
917,64470638,1JZU0573,66186145,6597 Sequoia Ln,Rainbow City,Arkansas,,US,RUS
542,93450232,9PRM0097,89209102,9972 Aspen GardensCrescent,Kingsport,Hawaii,23839,US,RUS
658,36776425,0LUT0287,28722811,9254 Cedar Rd,Kingsport,Wisconsin,45314,US,RUS
146,41069180,4FEE0867,64901195,1825 Magnolia Ln,Sunnyvale,Montana,73394,US,RUS
964,66106388,0LHN0343,62374487,2768 Cypress Dr,Brookfield,Nebraska,65018,US,RUS
122,26496086,3CCP0017,57392004,7963 Sycamore Pl,Greenfield,Rhode Island,24454,US,RUS
796,84760669,9DFJ0570,89371774,4322 Maple Mill,Greenfield,Maryland,41154,US,RUS
6,14452826,8FJN0802,54312709,6796 Magnolia Lp,Springfield,California,79453,US,RUS
718,82120813,2KBE0157,37269162,3366 Sequoia Ave,Lakeview,Oregon,,US,RUS
93,89209102,5WXW0925,83054748,7 Willow Str,Mapleton,Rhode Island,94420,US,RUS
955,54910698,4VRP0455,64470638,2621 Walnut Dr,Harborview,Maine,50433,US,RUS
383,36916134,5UPJ0264,34317932,2089 Cherry Str,Easton,New Mexico,27056,US,RUS
209,72885781,4QWI0716,34062388,5987 Cherry Trl,Rockville,South Carolina,68109,US,RUS
315,90779288,2SQP0727,58010375,8912 Pine Circle,Brookfield,North Carolina,52345,US,RUS
823,73583913,2QJG0912,45098190,4620 Cypress Dr,Easton,Iowa,69583,US,RUS
292,91917757,0BMB0835,47690810,3066 Redwood Highway,Lakeside,Texas,18898,US,RUS
484,50986295,1SYL0691,53652834,4616 Redwood GardensCrescent,Springfield,Tennessee,53466,US,RUS
362,28553724,1XQK0051,88467734,7132 Cedar Ln,Springfield,Texas,89957,US,RUS
141,56528908,3VCB0003,23328526,8587 Cherry Street,Greenfield,Pennsylvania,57724,US,RUS
235,53652200,8BQQ0484,88733050,886 Sequoia Parkway,Lakeside,Virginia,44387,US,RUS
529,94982548,3LMH0510,88675739,5023 Spruce Sq,Kingsport,Utah,29607,US,RUS
492,56803801,8ZQN0907,57371335,5258 Cedar Pkwy,Fairview,Arizona,,US,RUS
745,79177670,1OFK0948,55218825,8925 Cypress Ctr,Lakeview,Montana,,US,RUS
727,40585163,0TMZ0159,55604556,9629 Cherry Boulevard,Ridgecrest,Nevada,24107,US,RUS
774,94860315,0LEX0507,69582047,Peach Circle,Hilltop,Illinois,43990,US,RUS
520,44262365,7YPQ0620,67243915,713 Laurel Alley,Rivertown,California,76828,US,RUS
726,25712163,7FZI0281,74266804,2316 Maple Pl,Harborview,Virginia,33482,US,RUS
598,17501495,1VTF0751,76224956,5426 Pine Ln,Rainbow City,Minnesota,85189,US,RUS
582,62824975,2SAT0427,53250221,9 Willow Xing,Lakeview,New York,77349,US,RUS
949,85728586,1MXE0985,21380250,5717 Oak Ct,Lakeside,New Hampshire,37964,US,RUS
252,34317932,2CHB0592,76350607,7986 Cherry Highway,Ridgecrest,Texas,48925,US,RUS
617,80238462,6AZE0745,54600428,8314 Pine Lp,Rockville,Connecticut,63341,US,RUS
330,92057537,7ZMC0939,79261066,Chestnut Circle,Lakeside,Oregon,39758,US,RUS
549,24271664,0FCQ0163,22171807,3647 Walnut Xing,Mapleton,Oklahoma,16387,US,RUS
640,90649276,0YYE0388,90282782,9371 Cedar Pkwy,Rockville,Maine,21828,US,RUS
129,54845420,4WGQ0102,74963686,7983 Redwood Sq,Eaglewood,Massachusetts,22669,US,RUS
237,43641124,2FDG0351,56213876,9811 Elm Sq,Rivertown,Indiana,,US,RUS
288,35390240,4QTQ0909,61149426,4609 Cherry Dr,Rivertown,Indiana,20699,US,RUS
850,26750452,2ZZR0031,78917010,6464 Pine Str,Meadowville,New Mexico,54853,US,RUS
85,20896996,1RKH0546,73605156,5126 Sycamore Sq,Lakeside,Utah,33748,US,RUS
156,30209934,9BLQ0598,39688039,8749 Cypress GardensCrescent,Westbrook,New Mexico,35748,US,RUS
822,22171807,9MRN0328,66558807,7911 Birch Trl,Easton,Iowa,97781,US,RUS
100,94751586,5GAX0646,52405006,5426 Sycamore Ter,Meadowville,Rhode Island,85679,US,RUS
281,97376893,3MSD0129,72152602,3467 Chestnut Rd,Rainbow City,Idaho,68147,US,RUS
751,87541447,0LHN0343,66461688,9446 Magnolia Circle,Eaglewood,New Hampshire,73800,US,RUS
