ID_Record,Account,Branch,External ID,Business Status,Company Name,Account Type,Creation Date,Modified Date,Closed Date,Business TAG,Security Category,Flag Closed Date vs Modified Date,Flag Closed Date vs Creation Date,Flag Closed Date vs Status
877,877,4QKH,4QKH0877,CLOSED,,GLKB,2001-03-24,2007-11-09,2022-09-10,ZKV,2,N,N,N
273,273,0NSI,0NSI0273,ACTIVE,Epic Creative Networks,YAKT,1991-12-17,,,TXS,5,N,N,N
373,373,2SRB,9NKO0444,ACTIVE,Proactive Power Solutions,VCKM,2006-10-18,2010-01-04,,ZKV,3,N,N,N
653,653,2NRN,2NRN0653,ACTIVE,Infinite Global Industries,GLKB,2011-07-22,2011-08-26,,XRA,1,N,N,N
913,913,3NCQ,3NCQ0913,HISTORY,Excellent Synergy Group,YAKT,2005-04-04,2006-09-28,2021-05-07,TXS,3,N,N,N
249,249,4BSY,4BSY0249,ACTIVE,Omega Digital Labs,VBCW,2000-06-01,2014-06-30,,ZKV,4,N,N,N
710,710,0MXY,8XJR0126,ACTIVE,Acme Forward Services,VBCW,1997-12-11,2002-06-08,,ZKV,4,N,N,N
485,485,4XQB,4XQB0485,ACTIVE,Excellent Sustainable Enterprises,UANS,1998-11-02,2018-09-08,,ZKV,3,N,N,N
786,786,0BCQ,8XBE0600,CLOSED,Prime Transformative Consulting,HAYQ,2005-03-10,2010-09-29,2020-04-07,ZKV,2,N,N,N
994,994,3FRM,3FRM0994,ACTIVE,,UANS,2011-09-28,2013-12-18,,XRA,5,N,N,N
338,338,0ZNH,5ZNO0878,ACTIVE,Epic Digital Enterprises,HAYQ,1999-02-06,2000-01-14,,TXS,0,N,N,N
88,88,8NXE,8NXE0088,ACTIVE,Proactive Sustainable Dynamics,HERA,2011-01-23,2023-04-07,,TXS,0,N,N,N
552,552,3GSL,3GSL0552,HISTORY,,GLKB,2008-12-13,2011-05-07,2023-06-10,XRA,1,N,N,N
325,325,2SNM,2SNM0325,ACTIVE,Ultimate Visionary Solutions,VBCW,1991-06-17,1994-08-03,,XRA,0,N,N,N
230,230,8GBC,8GBC0230,ACTIVE,,VCKM,1998-02-01,2003-02-19,,TXS,5,N,N,N
693,693,8QEP,8QEP0693,ACTIVE,Elite Creative Solutions,VCKM,1997-04-07,2011-03-13,,TXS,3,N,N,N
571,571,4RSX,4RSX0571,HISTORY,Excellent Smart Solutions,HAYQ,2000-11-20,2010-08-20,1996-12-25,ZKV,4,Y,Y,N
88,88,5YQL,0JOT0653,HISTORY,Swift Synergy Consulting,YAKT,2003-12-02,2023-12-27,2024-01-23,TXS,5,N,N,N
953,953,0MXM,7IUA0141,ACTIVE,Superior Ingenious Consulting,XEXM,2020-01-03,2020-11-13,,ZKV,2,N,N,N
157,157,3YQY,3YQY0157,ACTIVE,Acme Strive Enterprises,VCKM,2019-12-30,2021-07-29,,XRA,2,N,N,N
356,356,0GTU,0GTU0356,ACTIVE,Proactive Tech Ventures,VCKM,1990-06-23,1993-07-31,,TXS,2,N,N,N
846,846,1PNZ,1PNZ0846,ACTIVE,Superior Synergy Solutions,VCKM,2005-02-06,2021-09-28,,ZKV,5,N,N,N
101,101,2GJK,2GJK0101,ACTIVE,,XEXM,1997-06-14,2002-08-21,,ZKV,1,N,N,N
356,356,0ZKT,7TIS0923,ACTIVE,Innovative Impactful Group,YAKT,2012-08-10,,,XRA,2,N,N,N
328,328,9MRN,9MRN0328,CLOSED,,VBCW,2015-02-07,2018-02-25,2015-01-05,TXS,0,Y,Y,N
228,228,6SIM,6SIM0228,HISTORY,Creative Inspire Group,VCKM,2011-07-07,2019-03-20,2020-09-22,XRA,0,N,N,N
194,194,5RZO,5RZO0194,ACTIVE,Global Sustainable Services,YAKT,1998-06-13,2022-07-15,1992-03-03,TXS,4,Y,Y,Y
71,71,5MVM,8BDW0829,CLOSED,Brilliant Evolve Consulting,WASB,2010-08-26,2014-07-05,2015-04-20,XRA,1,N,N,N
996,996,5FFC,2IJF0028,HISTORY,Epic Strive Enterprises,XEXM,2007-02-15,2016-07-22,2023-06-19,XRA,1,N,N,N
886,886,2NKZ,9BVN0474,ACTIVE,Vibrant Revolutionary Labs,HAYQ,2006-11-13,,1992-04-08,XRA,1,N,Y,Y
337,337,9XZO,9XZO0337,ACTIVE,Dynamic Tech Technologies,UANS,2005-05-18,2014-06-08,1996-06-05,ZKV,5,Y,Y,Y
619,619,4OMQ,4OMQ0619,ACTIVE,Omega Transformative Solutions,HERA,1991-12-06,2020-07-30,1991-08-24,ZKV,4,Y,Y,Y
915,915,7YCC,7YCC0915,ACTIVE,Strategic Progressive Innovations,VCKM,1990-06-04,2015-01-24,1990-03-30,XRA,3,Y,Y,Y
623,623,3ZNC,4DBY0051,ACTIVE,,HAYQ,1992-08-19,2002-02-04,,ZKV,3,N,N,N
440,440,1RKQ,1RKQ0440,CLOSED,Innovative Inspire Labs,GLKB,2009-04-30,2017-09-13,2018-11-20,ZKV,3,N,N,N
651,651,5MPD,5MPD0651,ACTIVE,Apex Strive Technologies,HAYQ,2006-02-22,2016-05-15,2003-03-19,ZKV,4,Y,Y,Y
92,92,9OFS,9OFS0092,ACTIVE,Tech Sustainable Enterprises,YAKT,2022-02-19,2023-01-03,,TXS,5,N,N,N
938,938,9MON,9MON0938,ACTIVE,Strategic Global Enterprises,VCKM,2001-12-20,2023-02-20,1990-08-02,TXS,1,Y,Y,Y
950,950,0CRD,0CRD0950,CLOSED,Diverse Global Group,VCKM,2004-05-28,2023-05-07,1995-07-19,TXS,3,Y,Y,N
986,986,2YNO,2YNO0986,ACTIVE,Pioneer Strategic Group,HAYQ,2002-07-04,2004-02-09,,XRA,5,N,N,N
66,66,1QKE,1QKE0066,HISTORY,Creative Future Enterprises,UANS,2001-07-15,2005-10-06,2021-08-12,XRA,3,N,N,N
710,710,2NNO,1NBS0604,ACTIVE,Tech Global Consulting,WASB,2017-07-20,2023-10-07,,TXS,5,N,N,N
619,619,1SXF,1SXF0619,ACTIVE,Superior Dynamic Services,UANS,1992-01-16,1996-04-16,,XRA,4,N,N,N
845,845,2NVO,2NVO0845,ACTIVE,Innovative Evolve Systems,GLKB,2009-01-03,2015-11-11,1995-06-13,XRA,4,Y,Y,Y
343,343,0LHN,0LHN0343,HISTORY,Flexible Progressive Solutions,HAYQ,1998-02-27,2023-11-10,2024-01-14,TXS,0,N,N,N
813,813,6HPI,6HPI0813,ACTIVE,Strategic Inspiration Ventures,YAKT,1999-11-28,2001-03-20,,XRA,4,N,N,N
708,708,8GHW,0TMZ0159,CLOSED,Prime Synergistic Services,GLKB,2010-07-25,2020-01-25,2023-12-18,ZKV,2,N,N,N
659,659,1WOU,1WOU0659,ACTIVE,Global Dynamic Networks,XEXM,2016-10-11,2022-08-12,,ZKV,0,N,N,N
853,853,5LPO,3GSL0552,ACTIVE,Brilliant Impactful Solutions,YAKT,1997-01-21,2004-01-04,1991-07-29,TXS,2,Y,Y,Y
441,441,5UYR,7IMT0823,ACTIVE,Strategic Creative Solutions,VCKM,1992-01-31,2017-01-31,,TXS,3,N,N,N
6,6,2QYH,8XJR0126,ACTIVE,,VCKM,1992-02-08,,,XRA,3,N,N,N
233,233,9RJV,1JSX0800,ACTIVE,Superior Dynamic Innovations,HAYQ,2020-09-05,2023-05-21,,ZKV,3,N,N,N
346,346,2BVM,2BVM0346,ACTIVE,Brilliant Innovative Consulting,GLKB,1993-03-20,2012-12-08,,XRA,4,N,N,N
273,273,3NOC,3NOC0273,ACTIVE,Flexible Synergy Dynamics,HAYQ,1993-12-17,1998-07-31,,ZKV,0,N,N,N
818,818,7TJJ,7TJJ0818,ACTIVE,Innovative Precision Corp,YAKT,2002-10-09,2005-08-16,,TXS,4,N,N,N
953,953,5WRH,5WRH0953,ACTIVE,Pioneer Global Enterprises,WASB,2003-03-30,2022-10-05,2001-06-22,TXS,5,Y,Y,Y
445,445,0EWK,0EWK0445,ACTIVE,Proactive Sustainable Solutions,YAKT,2019-03-08,2019-06-11,,ZKV,1,N,N,N
717,717,9NLR,7GBM0421,CLOSED,Acme Visionary Group,VCKM,2007-12-07,2015-11-02,2022-07-16,ZKV,1,N,N,N
109,109,1YDB,1YDB0109,HISTORY,Epic Strive Group,VBCW,2017-12-25,2020-02-10,2021-12-25,TXS,2,N,N,N
206,206,6OZQ,6OZQ0206,ACTIVE,Alpha Evolution Corp,WASB,2003-05-04,2021-09-20,,TXS,5,N,N,N
933,933,4BDH,4BDH0933,ACTIVE,Ultimate Visionary Technologies,XEXM,2015-02-27,2016-04-12,,XRA,3,N,N,N
454,454,1UTE,1UTE0454,ACTIVE,Mega Vision Systems,HERA,2000-11-21,2001-02-03,,XRA,0,N,N,N
278,278,1SRV,1FYH0642,HISTORY,Creative Progressive Enterprises,GLKB,1995-10-25,2013-03-11,2023-10-19,ZKV,4,N,N,N
928,928,0DLO,6TEA0222,HISTORY,Proactive Evolve Solutions,WASB,2010-09-11,2012-04-18,2021-10-01,XRA,3,N,N,N
710,710,8AYE,8AYE0710,ACTIVE,Fusion Evolve Networks,XEXM,2001-11-28,2003-05-05,,XRA,0,N,N,N
596,596,3LHV,3LHV0596,ACTIVE,Creative Strive Technologies,XEXM,2013-07-21,2015-02-03,,ZKV,1,N,N,N
472,472,2RGV,0VHG0143,ACTIVE,Ultimate Synergy Consulting,HERA,1995-12-10,2016-11-02,,XRA,2,N,N,N
130,130,9RTI,5NPF0508,ACTIVE,Brilliant Strive Technologies,HAYQ,2014-07-17,2016-07-08,,TXS,3,N,N,N
277,277,6DWQ,6DWQ0277,ACTIVE,Excellent Visionary Solutions,YAKT,2000-10-30,2009-02-14,1995-10-07,XRA,5,Y,Y,Y
639,639,2JQV,2JQV0639,CLOSED,,VBCW,2019-06-14,2023-08-03,2023-11-24,ZKV,5,N,N,N
215,215,1BAK,1BAK0215,ACTIVE,Elite Power Networks,VCKM,2009-09-05,2012-01-28,1995-07-18,TXS,2,Y,Y,Y
547,547,9TBR,9TBR0547,ACTIVE,Brilliant Sustainable Ventures,YAKT,2006-05-14,2022-01-14,,ZKV,0,N,N,N
593,593,1QCP,1QCP0593,ACTIVE,Diverse Sustainable Industries,HERA,2023-02-07,2023-08-08,,ZKV,2,N,N,N
126,126,8XJR,8XJR0126,ACTIVE,Apex Smart Co,GLKB,2019-08-02,2023-05-26,,TXS,3,N,N,N
422,422,1XGO,1XGO0422,ACTIVE,Diverse Innovative Innovations,WASB,1998-07-28,2019-04-02,,TXS,2,N,N,N
699,699,5EEU,5EEU0699,ACTIVE,Vibrant Vision Solutions,GLKB,2010-11-27,2021-12-19,,ZKV,0,N,N,N
640,640,3JCJ,3JCJ0640,ACTIVE,Innovative Strive Systems,WASB,1993-10-21,2001-01-15,,TXS,4,N,N,N
912,912,4LOW,4LOW0912,ACTIVE,Global Strive Dynamics,XEXM,1993-11-02,2021-03-30,,ZKV,5,N,N,N
713,713,4QML,4QML0713,CLOSED,Global Synergistic Technologies,YAKT,2011-04-02,2015-11-11,2021-12-30,XRA,1,N,N,N
988,988,4RXT,4RXT0988,HISTORY,Swift Dynamic Group,GLKB,2006-04-10,2019-09-01,2022-10-23,ZKV,1,N,N,N
840,840,2ITA,3HUD0850,ACTIVE,Creative Strive Ventures,VBCW,2007-11-10,2017-03-31,,ZKV,5,N,N,N
121,121,8PVE,0MXY0710,ACTIVE,Epic Cutting-Edge Services,YAKT,2005-03-05,,,TXS,2,N,N,N
874,874,4LBC,5AKE0957,ACTIVE,Dynamic Ingenious Group,WASB,2019-06-15,2023-10-24,,TXS,2,N,N,N
641,641,0YSF,0YSF0641,ACTIVE,Flexible Inspiration Enterprises,VCKM,1991-05-07,2001-04-13,,TXS,1,N,N,N
807,807,8OKF,4TAG0594,ACTIVE,Global Evolution Enterprises,VBCW,2000-01-21,2010-12-04,,XRA,3,N,N,N
990,990,3UFG,3UFG0990,ACTIVE,Global Inspiration Solutions,VBCW,1999-05-11,2019-03-12,,ZKV,1,N,N,N
557,557,5MME,0BAJ0830,CLOSED,Proactive Creative Co,VCKM,2014-12-25,2021-03-28,2022-02-16,XRA,3,N,N,N
509,509,2RPP,2RPP0509,HISTORY,Proactive Digital Solutions,HAYQ,1991-06-26,1998-08-31,1990-02-07,ZKV,3,Y,Y,N
438,438,6VPA,6VPA0438,ACTIVE,Flexible Evolution Corp,VBCW,2007-07-09,2008-05-24,,ZKV,4,N,N,N
909,909,4QTQ,4QTQ0909,ACTIVE,Superior Ingenious Systems,UANS,2003-03-09,2021-09-20,2001-03-21,TXS,2,Y,Y,Y
530,530,5JDF,5JDF0530,ACTIVE,Dynamic Tech Enterprises,HAYQ,2019-03-13,2022-01-26,,ZKV,1,N,N,N
835,835,6BWI,6BWI0835,CLOSED,,HAYQ,1996-09-30,2020-05-21,2022-03-31,TXS,2,N,N,N
545,545,2HCD,2HCD0545,ACTIVE,Dynamic First Consulting,UANS,1998-01-28,2022-09-28,,ZKV,2,N,N,N
838,838,3RSC,5NZM0848,ACTIVE,Omega Synergy Consulting,VBCW,2013-06-29,2017-10-05,1994-02-07,XRA,5,Y,Y,Y
691,691,1SYL,3VCB0003,CLOSED,,HAYQ,2011-03-24,2022-07-16,2023-09-20,TXS,4,N,N,N
129,129,3MSD,3MSD0129,ACTIVE,Tech Strive Solutions,VBCW,1990-09-21,2002-10-05,,ZKV,3,N,N,N
512,512,8EQF,8EQF0512,ACTIVE,Alpha Synergistic Solutions,XEXM,2016-10-28,2021-12-23,,TXS,4,N,N,N
585,585,8LBM,8LBM0585,ACTIVE,Global Vision Enterprises,GLKB,2022-12-30,2024-01-15,,XRA,1,N,N,N
847,847,0USW,0USW0847,ACTIVE,Dynamic Smart Technologies,XEXM,2008-10-04,2011-12-10,,ZKV,0,N,N,N
529,529,3XSH,3XSH0529,ACTIVE,,YAKT,1994-07-19,2002-01-07,,TXS,1,N,N,N
308,308,7QUK,9HOI0029,HISTORY,Swift Inspire Labs,VBCW,2022-08-23,2023-04-23,2023-10-17,TXS,5,N,N,N
96,96,3EZT,3EZT0096,ACTIVE,Visionary Strive Enterprises,HERA,1996-07-15,1998-09-04,1993-01-04,ZKV,2,Y,Y,Y
879,879,6INB,6WZX0187,HISTORY,Ultimate Strategic Dynamics,YAKT,2019-07-19,2023-03-17,2023-10-19,ZKV,3,N,N,N
377,377,2YZP,5MSU0058,ACTIVE,Flexible Visionary Industries,UANS,1991-05-19,1998-05-11,,XRA,4,N,N,N
777,777,5RPJ,5RPJ0777,ACTIVE,,UANS,1998-05-22,2021-03-26,,XRA,2,N,N,N
530,530,6SIW,6SIW0530,ACTIVE,Global Creative Enterprises,VBCW,1992-02-10,1998-07-31,,TXS,4,N,N,N
154,154,0EIN,0MCI0589,ACTIVE,Omega First Group,HERA,2011-10-14,2024-01-04,,ZKV,3,N,N,N
7,7,3KAJ,3KAJ0007,ACTIVE,,XEXM,1999-04-15,2003-01-11,,ZKV,4,N,N,N
367,367,4ENN,4ENN0367,ACTIVE,Omega Strategic Co,VBCW,2003-09-26,2022-01-22,,XRA,2,N,N,N
10,10,8PSA,8PSA0010,ACTIVE,Dynamic First Solutions,HAYQ,2023-04-30,2023-09-07,,XRA,4,N,N,N
927,927,1VSM,1VSM0927,CLOSED,Innovative First Co,GLKB,1991-08-20,2014-04-24,1990-10-26,TXS,1,Y,Y,N
602,602,6UBV,6UBV0602,HISTORY,Elite Evolution Group,YAKT,2021-01-15,2021-08-09,2022-01-28,ZKV,4,N,N,N
698,698,8PWZ,9BDC0794,ACTIVE,Swift Cutting-Edge Enterprises,HERA,2012-06-06,2016-01-24,,XRA,5,N,N,N
421,421,7GBM,7GBM0421,ACTIVE,Strategic Dynamic Technologies,YAKT,1993-04-07,2022-03-30,,XRA,1,N,N,N
485,485,2GDO,2GDO0485,ACTIVE,Elite Inspire Technologies,VCKM,2018-02-05,2022-04-13,2004-11-18,TXS,1,Y,Y,Y
810,810,0XGZ,0XGZ0810,ACTIVE,Alpha Advanced Solutions,UANS,1994-09-06,2023-04-25,,TXS,0,N,N,N
871,871,1GTY,1GTY0871,ACTIVE,Flexible Sustainable Solutions,VBCW,1995-08-08,2021-09-15,1993-09-23,XRA,5,Y,Y,Y
670,670,6GEK,9KYS0985,ACTIVE,Mega Global Co,XEXM,1995-04-17,2023-08-23,,TXS,4,N,N,N
849,849,5MPX,5MPX0849,ACTIVE,Infinite Power Services,YAKT,2021-04-19,2021-10-09,,TXS,4,N,N,N
552,552,5ZCA,5ZCA0552,ACTIVE,Infinite Impactful Dynamics,VCKM,2008-06-14,2011-09-17,,XRA,5,N,N,N
823,823,0KUM,0KUM0823,CLOSED,,GLKB,1998-12-15,1999-06-13,2003-07-15,TXS,5,N,N,N
996,996,8QCN,1MXE0985,CLOSED,Swift Global Technologies,VBCW,1994-12-29,,1994-11-13,ZKV,5,N,Y,N
230,230,9PGQ,6IYY0439,ACTIVE,Tech Evolve Technologies,WASB,1994-02-02,,,XRA,2,N,N,N
167,167,3XYQ,3XYQ0167,CLOSED,Visionary Power Enterprises,VBCW,2016-10-08,2022-03-28,2023-01-16,XRA,2,N,N,N
744,744,9HDT,9HDT0744,ACTIVE,Global Ingenious Dynamics,YAKT,2019-08-20,2023-04-08,,XRA,1,N,N,N
587,587,6YYX,6YYX0587,ACTIVE,Prime Innovative Solutions,VCKM,2004-05-15,2019-05-04,,TXS,1,N,N,N
101,101,0YTZ,0YTZ0101,ACTIVE,Excellent Forward Labs,XEXM,2022-10-28,2023-03-14,,XRA,4,N,N,N
859,859,5LHX,0DLO0928,CLOSED,Fusion Progressive Innovations,XEXM,2009-09-24,2012-07-02,2020-01-11,TXS,1,N,N,N
141,141,8NAQ,8NAQ0141,ACTIVE,Superior Impactful Dynamics,UANS,2004-01-01,,,XRA,4,N,N,N
263,263,2SSW,7IMT0823,ACTIVE,Creative Transformative Co,WASB,2011-11-20,2017-03-24,,XRA,2,N,N,N
386,386,3QNA,3QNA0386,ACTIVE,Brilliant Future Enterprises,YAKT,2010-01-16,2016-06-09,,ZKV,3,N,N,N
830,830,0DXA,0DXA0830,ACTIVE,Epic Inspiration Industries,XEXM,2021-07-13,2022-10-05,,TXS,1,N,N,N
252,252,2IUJ,2IUJ0252,ACTIVE,Ultimate Visionary Systems,VBCW,1997-08-03,2021-01-28,,ZKV,5,N,N,N
345,345,4ZFN,7IDU0561,ACTIVE,Vibrant First Innovations,XEXM,2004-06-22,2018-10-16,,XRA,0,N,N,N
35,35,5GRD,5GRD0035,ACTIVE,Tech Strive Corp,GLKB,2007-07-26,2014-08-23,,XRA,1,N,N,N
648,648,6OWZ,6OWZ0648,ACTIVE,Diverse Strive Innovations,WASB,2018-03-19,2020-09-21,,XRA,1,N,N,N
531,531,6DJA,6DJA0531,ACTIVE,Vibrant Vision Solutions,HERA,2015-08-23,2019-02-25,,XRA,3,N,N,N
49,49,5VHS,6LKK0444,ACTIVE,,UANS,2019-03-29,2020-03-18,,TXS,4,N,N,N
989,989,8GUX,8GUX0989,HISTORY,Diverse Revolutionary Enterprises,HAYQ,2024-01-17,2024-01-26,2024-01-26,XRA,0,N,N,N
875,875,6YTG,9WDK0921,ACTIVE,Infinite First Solutions,VBCW,1994-02-16,2012-02-13,,XRA,1,N,N,N
81,81,4UJN,5CCC0344,ACTIVE,Creative Vision Services,HAYQ,2003-06-28,2006-06-04,,ZKV,4,N,N,N
664,664,6KTM,6KTM0664,ACTIVE,Proactive Digital Enterprises,WASB,2004-11-15,2006-04-27,2003-03-22,ZKV,1,Y,Y,Y
243,243,7KAW,6PRR0403,HISTORY,Visionary Forward Solutions,HERA,1997-05-06,,1994-02-25,ZKV,0,N,Y,N
699,699,1PRY,1PRY0699,ACTIVE,Mega Synergistic Consulting,GLKB,2018-07-20,2020-02-07,,TXS,1,N,N,N
949,949,9UAU,9UAU0949,ACTIVE,Mega Digital Enterprises,WASB,1994-08-03,2011-10-15,,ZKV,0,N,N,N
269,269,7VDQ,6RCL0413,ACTIVE,Dynamic Visionary Technologies,WASB,2023-04-27,2023-07-07,,XRA,0,N,N,N
542,542,6WDY,6WDY0542,ACTIVE,Epic Power Labs,VCKM,2015-06-30,,,ZKV,5,N,N,N
432,432,7RRL,7RRL0432,ACTIVE,,WASB,1990-12-25,2010-04-20,,XRA,0,N,N,N
477,477,7JZU,4TBS0512,ACTIVE,Global Strive Consulting,UANS,1991-12-25,2009-05-22,,TXS,0,N,N,N
592,592,2CHB,2CHB0592,ACTIVE,Omega Dynamic Innovations,UANS,2005-06-28,2013-11-15,,ZKV,3,N,N,N
429,429,4KNN,4KNN0429,ACTIVE,Apex Vision Solutions,UANS,1991-06-04,1999-04-29,,ZKV,4,N,N,N
787,787,1FPF,4ENN0367,CLOSED,Visionary Vision Enterprises,HERA,2001-12-27,2005-12-26,2010-10-27,TXS,5,N,N,N
841,841,1WGJ,1WGJ0841,HISTORY,,XEXM,2018-10-02,2020-08-13,1995-03-06,TXS,0,Y,Y,N
401,401,6PTM,9LWT0461,ACTIVE,Ultimate Digital Solutions,YAKT,2015-12-11,2023-08-26,,TXS,4,N,N,N
482,482,6IXT,6IXT0482,ACTIVE,Brilliant Synergy Consulting,HERA,1997-05-30,2014-02-22,,ZKV,2,N,N,N
92,92,8MUD,5CCC0344,ACTIVE,,XEXM,2016-01-19,2022-09-13,,XRA,0,N,N,N
413,413,6RCL,0LCW0802,ACTIVE,Proactive Global Consulting,WASB,2005-03-02,2023-06-20,,XRA,0,N,N,N
125,125,5ZLM,5ZLM0125,ACTIVE,Innovative Evolve Dynamics,WASB,1992-11-26,2013-04-06,,XRA,1,N,N,N
372,372,5AXS,5AXS0372,ACTIVE,Ultimate Future Technologies,VCKM,2020-11-02,2021-05-13,,TXS,0,N,N,N
53,53,2DVD,2DVD0053,ACTIVE,Superior Power Enterprises,VCKM,1995-07-26,2004-09-13,,ZKV,5,N,N,N
794,794,9BDC,4FEE0867,ACTIVE,Epic Advanced Consulting,VCKM,2023-12-21,2024-01-05,,TXS,2,N,N,N
798,798,1KLO,1KLO0798,HISTORY,Ultimate Strive Systems,VCKM,2010-11-02,2021-01-30,2022-09-20,XRA,3,N,N,N
20,20,6DPU,6DPU0020,ACTIVE,Apex Creative Consulting,YAKT,2013-07-11,2015-06-26,,ZKV,3,N,N,N
70,70,8YWE,8YWE0070,ACTIVE,Elite Revolutionary Enterprises,WASB,1990-04-03,2004-05-29,,TXS,0,N,N,N
455,455,4WTA,4WTA0455,HISTORY,Alpha Dynamic Consulting,VBCW,2013-06-01,2021-04-03,2021-08-28,XRA,1,N,N,N
684,684,6YQK,0LEX0507,CLOSED,Global Synergy Corp,WASB,2019-09-11,2023-06-19,2023-11-07,XRA,4,N,N,N
655,655,7PJH,7PJH0655,ACTIVE,,VCKM,1996-10-30,2007-03-28,,XRA,4,N,N,N
581,581,3EFC,1FYH0642,HISTORY,Mega Ingenious Group,UANS,1991-05-16,2018-12-14,2021-01-01,TXS,2,N,N,N
10,10,1MHR,1XGO0422,ACTIVE,Proactive Visionary Innovations,XEXM,2005-03-13,2015-07-24,,ZKV,1,N,N,N
315,315,8MGK,1KLO0798,ACTIVE,Prime First Group,UANS,2016-10-22,2021-04-14,,ZKV,3,N,N,N
325,325,4KXU,4KXU0325,ACTIVE,Creative Cutting-Edge Technologies,VCKM,2007-06-15,2015-09-19,,XRA,2,N,N,N
876,876,5NXS,5NXS0876,ACTIVE,Dynamic Strive Innovations,VBCW,1995-11-26,2008-06-17,1995-07-05,ZKV,4,Y,Y,Y
356,356,7LJW,7LJW0356,ACTIVE,Creative Strive Solutions,XEXM,2021-10-19,2022-03-11,,ZKV,3,N,N,N
553,553,1RYU,7YRF0089,ACTIVE,Vibrant Strive Solutions,GLKB,2010-04-03,2010-12-09,,TXS,4,N,N,N
661,661,1JHK,1JHK0661,ACTIVE,Creative Creative Solutions,GLKB,1997-04-27,2005-01-04,,ZKV,1,N,N,N
701,701,1YZT,1YZT0701,HISTORY,Global Smart Group,XEXM,1998-11-06,2010-08-08,2021-11-01,TXS,2,N,N,N
532,532,1MTF,1MTF0532,ACTIVE,,UANS,2022-02-11,2022-04-03,,XRA,1,N,N,N
913,913,8XVT,8XVT0913,CLOSED,Swift Dynamic Solutions,VBCW,2009-02-17,2014-01-12,2019-11-08,TXS,5,N,N,N
510,510,2RWA,2RWA0510,ACTIVE,Mega Strategic Corp,WASB,2012-12-18,2021-07-04,,XRA,3,N,N,N
91,91,5JJD,5JJD0091,ACTIVE,Epic Sustainable Solutions,UANS,1996-09-01,,,ZKV,0,N,N,N
309,309,5SET,5SET0309,CLOSED,,XEXM,1990-01-24,2019-05-09,2021-06-01,TXS,2,N,N,N
164,164,7FGQ,7FGQ0164,ACTIVE,Elite Digital Solutions,HAYQ,2005-01-02,2013-04-06,,XRA,5,N,N,N
441,441,1IVB,1XGO0422,ACTIVE,Superior Dynamic Enterprises,VCKM,2013-10-15,2016-01-25,,ZKV,1,N,N,N
202,202,5DVP,5DVP0202,ACTIVE,Visionary Forward Technologies,YAKT,2010-08-31,,,ZKV,5,N,N,N
949,949,0NQI,0FEW0827,HISTORY,Ultimate Evolve Consulting,XEXM,2003-07-20,2009-02-17,2013-06-04,ZKV,0,N,N,N
115,115,8ZFT,8WPI0546,ACTIVE,Infinite Inspire Consulting,YAKT,1998-07-21,2007-01-06,,TXS,3,N,N,N
675,675,9RKA,6PKV0559,ACTIVE,Vibrant Evolve Ventures,WASB,1990-03-02,2020-08-16,,TXS,4,N,N,N
91,91,8NKH,8NKH0091,ACTIVE,Swift Revolutionary Consulting,WASB,2023-01-18,2024-01-26,,ZKV,2,N,N,N
12,12,6TJK,6TJK0012,HISTORY,Alpha Digital Enterprises,VBCW,1996-07-06,2001-09-10,1990-12-12,TXS,4,Y,Y,N
164,164,6OVI,2BVM0346,HISTORY,Tech Visionary Enterprises,VCKM,2009-06-03,2021-11-03,2022-03-27,ZKV,5,N,N,N
136,136,2PCD,9UAU0949,ACTIVE,Creative Synergy Industries,VCKM,2010-03-23,,,TXS,0,N,N,N
52,52,7LPV,2GCO0725,ACTIVE,Fusion Smart Consulting,XEXM,2014-06-25,2017-07-02,,ZKV,5,N,N,N
147,147,4EYW,4EYW0147,ACTIVE,,HERA,1990-11-18,2010-07-22,,TXS,2,N,N,N
31,31,2ZZR,2ZZR0031,ACTIVE,Tech Forward Labs,YAKT,1994-02-13,,,TXS,0,N,N,N
319,319,1BFY,1BFY0319,ACTIVE,Superior Dynamic Systems,HAYQ,2009-04-08,,1992-07-25,ZKV,0,N,Y,Y
703,703,2ACP,2ACP0703,CLOSED,Creative Creative Innovations,VBCW,2003-11-20,2012-09-04,2020-01-07,ZKV,2,N,N,N
756,756,4KLK,4BSY0249,ACTIVE,Tech Dynamic Enterprises,WASB,2013-10-29,2023-07-18,,XRA,3,N,N,N
865,865,2COX,2COX0865,ACTIVE,,VCKM,1996-06-17,2014-05-07,1993-01-19,XRA,5,Y,Y,Y
982,982,1AHT,1AHT0982,ACTIVE,Strategic Strive Innovations,GLKB,2003-03-03,2020-08-13,,XRA,3,N,N,N
365,365,9CCY,9CCY0365,HISTORY,Creative Strategic Solutions,XEXM,2017-09-02,2023-06-06,2023-10-20,TXS,0,N,N,N
17,17,3CCP,3CCP0017,ACTIVE,Acme Sustainable Labs,XEXM,2022-08-18,2022-10-17,,XRA,5,N,N,N
184,184,4DRT,4DRT0184,CLOSED,Superior First Co,HERA,2022-11-09,2023-01-08,2023-07-20,TXS,4,N,N,N
513,513,4UUI,4UUI0513,HISTORY,,WASB,2009-07-08,2013-09-13,2016-05-12,XRA,4,N,N,N
55,55,8UOQ,8UOQ0055,ACTIVE,,VBCW,1992-01-02,2014-02-20,,ZKV,1,N,N,N
247,247,9FXO,9FXO0247,ACTIVE,Brilliant Strategic Dynamics,VCKM,2007-12-30,2009-09-22,,TXS,3,N,N,N
594,594,4TAG,4TAG0594,ACTIVE,Tech Digital Labs,VBCW,2023-01-21,2023-06-09,,TXS,5,N,N,N
921,921,8SZO,8SZO0921,HISTORY,Proactive Ingenious Systems,VCKM,2001-02-27,,2022-12-28,XRA,2,N,N,N
725,725,3FXJ,3FXJ0725,ACTIVE,Flexible Creative Dynamics,HAYQ,2020-11-24,2021-01-30,,ZKV,4,N,N,N
316,316,4PMG,5JUJ0852,ACTIVE,Omega Advanced Labs,VBCW,2012-10-06,2022-08-21,,XRA,5,N,N,N
715,715,5MTL,5MTL0715,ACTIVE,Flexible Transformative Group,HAYQ,2000-02-10,2003-09-13,,TXS,5,N,N,N
604,604,4EYK,4EYK0604,ACTIVE,,WASB,2020-02-05,2020-05-31,,ZKV,0,N,N,N
28,28,2LJF,2LJF0028,ACTIVE,,UANS,2013-04-16,2019-04-04,,XRA,5,N,N,N
153,153,0CWP,7LKI0573,ACTIVE,Dynamic Transformative Systems,HAYQ,2011-12-22,2019-08-10,,ZKV,5,N,N,N
506,506,6ISN,6ISN0506,ACTIVE,Visionary Digital Solutions,UANS,2001-04-19,2002-10-28,,TXS,4,N,N,N
414,414,7BVA,0IMV0843,ACTIVE,Epic Advanced Co,XEXM,2011-04-27,2014-09-05,,TXS,0,N,N,N
443,443,6WOY,0VPD0009,ACTIVE,Elite Evolution Enterprises,XEXM,2010-01-03,2012-08-17,,TXS,4,N,N,N
357,357,0MUE,0MUE0357,ACTIVE,Acme Inspire Enterprises,XEXM,1993-12-14,2014-01-07,,ZKV,4,N,N,N
553,553,0DTZ,0DTZ0553,HISTORY,Creative Revolutionary Enterprises,UANS,2004-08-01,2018-04-06,2019-04-22,ZKV,0,N,N,N
157,157,4YHK,4YHK0157,ACTIVE,Infinite Digital Dynamics,VCKM,2021-03-20,2023-04-20,,XRA,3,N,N,N
229,229,8PDK,8PDK0229,ACTIVE,Visionary Forward Enterprises,XEXM,1995-05-12,2007-06-30,,XRA,1,N,N,N
876,876,2XXI,2XXI0876,CLOSED,Proactive Forward Consulting,HERA,2020-01-20,2023-03-05,2023-12-23,ZKV,5,N,N,N
28,28,2IJF,2IJF0028,ACTIVE,Superior Strive Services,UANS,2001-10-03,,,XRA,1,N,N,N
536,536,0YSB,3MKN0497,ACTIVE,Infinite Synergy Solutions,VCKM,2023-11-28,2023-12-12,,XRA,4,N,N,N
620,620,7YPQ,7YPQ0620,CLOSED,Alpha Revolutionary Enterprises,XEXM,2007-08-07,2013-12-16,2014-12-12,ZKV,1,N,N,N
290,290,2JPZ,9IGD0064,ACTIVE,Strategic Evolution Enterprises,VBCW,1995-07-13,2014-06-21,,XRA,4,N,N,N
847,847,5DGG,5DGG0847,ACTIVE,Apex Synergy Industries,HAYQ,2004-07-18,,,ZKV,2,N,N,N
666,666,9HBX,9HBX0666,ACTIVE,Brilliant First Consulting,YAKT,2012-07-31,2016-10-09,,XRA,3,N,N,N
344,344,8EGZ,5TNQ0620,HISTORY,,YAKT,1994-01-30,2016-06-05,1990-10-28,TXS,4,Y,Y,N
928,928,8INO,8INO0928,ACTIVE,Creative First Group,GLKB,2008-08-12,2010-12-14,,XRA,1,N,N,N
388,388,0YYE,0YYE0388,ACTIVE,Ultimate Dynamic Solutions,VCKM,2014-02-12,2023-03-26,,TXS,5,N,N,N
334,334,1JYM,1JYM0334,ACTIVE,Innovative Tech Group,XEXM,2003-04-03,2022-12-03,,ZKV,1,N,N,N
46,46,7COK,6KTM0664,ACTIVE,Pioneer Progressive Group,WASB,2019-08-03,2022-04-23,,ZKV,3,N,N,N
149,149,8SLY,5MLJ0217,ACTIVE,Flexible Future Consulting,XEXM,2022-04-22,2022-05-11,,TXS,0,N,N,N
546,546,8WPI,8WPI0546,CLOSED,Ultimate Future Enterprises,XEXM,1992-03-16,2002-03-11,2017-12-30,ZKV,0,N,N,N
855,855,4REM,3ZIY0110,ACTIVE,Brilliant Tech Corp,VBCW,2008-12-30,2010-04-11,,ZKV,5,N,N,N
836,836,2COI,3GQJ0617,ACTIVE,Prime Evolve Services,YAKT,2019-12-17,2023-01-10,,TXS,2,N,N,N
996,996,4SQU,4SQU0996,ACTIVE,Creative Impactful Enterprises,WASB,1992-07-22,2019-07-10,,XRA,0,N,N,N
492,492,8MRV,8POP0632,HISTORY,Visionary Smart Enterprises,XEXM,2008-05-03,2010-05-28,2006-11-13,XRA,5,Y,Y,N
292,292,3JAZ,8LLN0774,HISTORY,,VBCW,2012-10-03,2022-07-17,2023-07-20,XRA,1,N,N,N
130,130,6CEG,6CEG0130,ACTIVE,Excellent Tech Enterprises,GLKB,1999-01-26,2016-12-27,,TXS,5,N,N,N
827,827,0FEW,0FEW0827,ACTIVE,Prime Advanced Co,GLKB,1998-07-11,2017-08-11,1990-03-23,XRA,5,Y,Y,Y
117,117,7UFK,9TZU0480,ACTIVE,Apex Tech Enterprises,WASB,1994-03-22,1999-09-23,,TXS,2,N,N,N
323,323,4MAK,4MAK0323,ACTIVE,Flexible Transformative Solutions,HAYQ,2012-02-25,2019-10-13,2001-08-21,ZKV,3,Y,Y,Y
871,871,4RUI,9ECZ0262,ACTIVE,Vibrant Forward Dynamics,UANS,1996-03-23,2013-09-17,,ZKV,5,N,N,N
389,389,8SOR,8SOR0389,CLOSED,Alpha Cutting-Edge Labs,YAKT,1999-06-21,2016-02-09,2020-06-27,TXS,3,N,N,N
729,729,9MMV,9MMV0729,ACTIVE,Mega Cutting-Edge Enterprises,HERA,2011-02-01,2021-12-26,,XRA,2,N,N,N
831,831,0YXM,0YXM0831,CLOSED,,UANS,2019-01-11,2023-11-08,2024-01-23,TXS,1,N,N,N
262,262,9ECZ,9FXO0247,ACTIVE,Apex Dynamic Innovations,UANS,1997-07-09,2013-09-29,,XRA,2,N,N,N
527,527,2FYP,2FYP0527,ACTIVE,Prime Creative Consulting,HERA,2021-05-12,2023-09-24,,XRA,0,N,N,N
559,559,6PKV,6PKV0559,ACTIVE,Prime Transformative Innovations,GLKB,1990-03-21,1990-12-30,,ZKV,0,N,N,N
126,126,3TAF,2ALN0380,ACTIVE,Excellent Strive Ventures,UANS,2005-05-19,2009-05-22,,XRA,1,N,N,N
102,102,5CPS,5CPS0102,CLOSED,Flexible Tech Group,HAYQ,2022-10-05,2023-05-04,2023-08-08,TXS,0,N,N,N
574,574,2OKQ,7BKF0681,ACTIVE,Prime Sustainable Solutions,UANS,2011-02-06,2021-05-22,,TXS,0,N,N,N
70,70,5CMW,5CMW0070,ACTIVE,Swift Tech Corp,UANS,2023-12-02,2023-12-09,2011-01-05,ZKV,1,Y,Y,Y
29,29,8RSI,8RSI0029,ACTIVE,Acme Advanced Innovations,VBCW,2007-07-02,2022-01-24,,TXS,2,N,N,N
110,110,3ZIY,8VOU0842,CLOSED,Elite Cutting-Edge Co,HERA,2002-04-08,2013-03-03,2016-02-26,TXS,5,N,N,N
308,308,6XVZ,1NBS0604,ACTIVE,,YAKT,2017-09-06,2019-05-11,,TXS,3,N,N,N
642,642,7QVW,7QVW0642,ACTIVE,Fusion Dynamic Solutions,UANS,2004-02-01,2019-03-22,2003-11-13,XRA,4,Y,Y,Y
497,497,2PXM,2PXM0497,ACTIVE,Prime Vision Systems,HAYQ,1998-05-20,2001-07-13,,ZKV,5,N,N,N
890,890,8UXV,8UZR0040,ACTIVE,Dynamic Revolutionary Labs,WASB,2009-11-26,2012-05-26,,ZKV,3,N,N,N
477,477,1SZT,1SZT0477,ACTIVE,Diverse Transformative Enterprises,XEXM,2002-02-19,2009-01-15,,XRA,4,N,N,N
257,257,7GNJ,4IFR0183,ACTIVE,Ultimate Evolution Systems,VBCW,2015-09-01,2017-10-08,,XRA,0,N,N,N
302,302,5LQG,5LQG0302,ACTIVE,Swift Dynamic Innovations,GLKB,2013-09-21,2023-11-09,,XRA,1,N,N,N
804,804,8JWL,8JWL0804,ACTIVE,Acme Future Group,VCKM,1998-08-26,2005-02-11,,XRA,0,N,N,N
681,681,6XQM,7BTG0464,ACTIVE,Swift Sustainable Consulting,VBCW,1998-04-01,2020-05-15,,TXS,4,N,N,N
627,627,1LTR,1LTR0627,ACTIVE,Visionary Dynamic Enterprises,GLKB,2007-07-15,2013-05-31,,ZKV,2,N,N,N
255,255,1GEZ,1GEZ0255,ACTIVE,Dynamic Cutting-Edge Technologies,UANS,1997-05-15,2022-10-18,,XRA,0,N,N,N
802,802,8FJN,8FJN0802,ACTIVE,Acme Tech Networks,HERA,2016-10-29,2021-02-06,,TXS,1,N,N,N
271,271,3ODO,7LKI0573,ACTIVE,Infinite Power Enterprises,UANS,1998-11-03,2009-02-20,,ZKV,2,N,N,N
852,852,2JQJ,2JQJ0852,ACTIVE,Elite Creative Ventures,YAKT,2001-02-26,,,ZKV,5,N,N,N
230,230,5YZS,5YZS0230,ACTIVE,,YAKT,1991-12-29,2015-10-05,,XRA,1,N,N,N
588,588,2AMT,0JMT0729,ACTIVE,Fusion Precision Solutions,YAKT,1998-06-26,2017-04-05,,XRA,3,N,N,N
675,675,3HND,2RNH0582,ACTIVE,Fusion Evolution Enterprises,VBCW,2008-11-13,2009-02-13,,XRA,0,N,N,N
983,983,8BRS,8BRS0983,ACTIVE,Omega Evolution Solutions,HAYQ,1995-07-10,2011-10-30,,TXS,1,N,N,N
204,204,5GOT,9UVJ0691,ACTIVE,Superior Synergistic Technologies,GLKB,1994-06-13,1997-02-09,,XRA,2,N,N,N
256,256,7TJY,8SZR0940,ACTIVE,Acme Evolve Consulting,HERA,2014-08-05,2021-07-10,,XRA,5,N,N,N
306,306,2ZLK,2ZLK0306,CLOSED,Infinite Dynamic Enterprises,YAKT,2009-02-22,2021-01-31,1996-10-31,TXS,0,Y,Y,N
254,254,5XQH,9WDK0921,ACTIVE,Alpha Synergy Innovations,HERA,2007-04-01,2020-12-11,1999-10-02,TXS,0,Y,Y,Y
51,51,4DBY,4DBY0051,ACTIVE,Proactive Revolutionary Solutions,UANS,1999-07-06,2023-11-25,,ZKV,4,N,N,N
947,947,6SFY,6SFY0947,HISTORY,Global Power Consulting,XEXM,2015-04-18,2019-07-27,2022-05-05,TXS,0,N,N,N
576,576,8YVT,8YVT0576,HISTORY,Proactive Creative Group,VBCW,1999-04-28,,2015-08-31,TXS,0,N,N,N
511,511,1TKI,3GQJ0617,ACTIVE,Excellent Dynamic Enterprises,HAYQ,2000-09-08,,1998-05-07,ZKV,5,N,Y,Y
190,190,3DCE,3DCE0190,ACTIVE,,WASB,2017-11-22,2019-09-29,,TXS,2,N,N,N
248,248,1XXU,1XXU0248,ACTIVE,Global Dynamic Industries,VCKM,2005-12-30,2009-08-17,,XRA,5,N,N,N
118,118,9GCT,4VMV0537,HISTORY,Mega Forward Enterprises,HAYQ,1992-10-15,2004-03-23,2004-09-27,XRA,5,N,N,N
713,713,9BPI,9BPI0713,ACTIVE,Infinite Visionary Consulting,YAKT,2008-01-16,2015-10-10,,TXS,2,N,N,N
284,284,3JJR,3JJR0284,CLOSED,,WASB,2020-12-06,2021-01-22,2021-06-24,TXS,4,N,N,N
742,742,4DYN,2IJF0028,HISTORY,Apex Evolution Group,HAYQ,2004-10-25,2008-04-02,2011-05-09,TXS,2,N,N,N
390,390,1XJN,7JQX0257,ACTIVE,Strategic Revolutionary Group,VCKM,1990-02-09,2017-12-11,,TXS,5,N,N,N
784,784,5TQL,1GEZ0255,ACTIVE,Proactive Visionary Dynamics,HERA,1992-06-21,2019-02-16,,TXS,3,N,N,N
2,2,3TTZ,3TTZ0002,ACTIVE,Infinite Advanced Solutions,HERA,1992-04-18,2002-03-18,,TXS,1,N,N,N
750,750,8ICX,2CZR0918,CLOSED,Excellent Strive Enterprises,HERA,2011-04-01,2022-08-15,2022-10-24,TXS,3,N,N,N
289,289,2APF,2APF0289,ACTIVE,,XEXM,2017-12-21,2019-01-19,,XRA,0,N,N,N
575,575,8QXI,8QXI0575,ACTIVE,Innovative Synergy Solutions,HERA,2017-08-03,2022-09-27,1992-09-06,TXS,1,Y,Y,Y
946,946,7NSU,7NSU0946,HISTORY,Omega Progressive Co,GLKB,2016-06-09,2019-12-05,2022-07-02,ZKV,3,N,N,N
103,103,8UIH,3XAI0520,ACTIVE,Excellent Sustainable Dynamics,GLKB,1992-02-15,2009-11-23,,XRA,0,N,N,N
823,823,7IMT,0QGV0797,CLOSED,,XEXM,2020-12-02,2021-10-09,2023-01-03,TXS,0,N,N,N
162,162,6IXE,1LTR0627,ACTIVE,Strategic Synergistic Technologies,WASB,2013-08-26,2017-10-21,2005-01-13,ZKV,2,Y,Y,Y
683,683,9HOQ,9HOQ0683,ACTIVE,,VBCW,2000-09-10,2009-03-12,,XRA,2,N,N,N
447,447,8TID,6DWQ0277,ACTIVE,Brilliant Dynamic Innovations,GLKB,1997-04-22,2013-06-14,,TXS,0,N,N,N
988,988,3TOY,3TOY0988,ACTIVE,Vibrant Evolution Enterprises,HAYQ,2016-02-03,,,XRA,0,N,N,N
234,234,9FPN,9FPN0234,ACTIVE,Diverse Revolutionary Group,GLKB,1993-07-20,2007-08-23,,TXS,1,N,N,N
498,498,1XZL,8XPD0280,ACTIVE,Creative Revolutionary Labs,XEXM,2016-03-16,2023-04-30,,XRA,0,N,N,N
401,401,3JMA,3JMA0401,CLOSED,,YAKT,1993-05-24,2021-09-16,2022-02-17,XRA,4,N,N,N
776,776,7OMI,2AWN0946,ACTIVE,Mega Global Consulting,GLKB,2019-07-03,2020-08-12,,ZKV,0,N,N,N
557,557,5IDM,9FXO0247,ACTIVE,Strategic Cutting-Edge Enterprises,VCKM,2018-08-14,2019-07-07,,XRA,1,N,N,N
915,915,7COG,7COG0915,ACTIVE,Dynamic Impactful Innovations,VCKM,2015-01-11,,,XRA,2,N,N,N
50,50,5PTL,5PTL0050,HISTORY,Diverse Cutting-Edge Services,HAYQ,2010-11-06,2011-05-12,2012-01-14,XRA,1,N,N,N
538,538,6MXB,6MXB0538,ACTIVE,Dynamic Forward Enterprises,YAKT,2006-04-14,2010-10-05,,TXS,1,N,N,N
314,314,9BCZ,9BCZ0314,ACTIVE,Proactive Cutting-Edge Networks,HERA,2023-12-02,2023-12-17,,ZKV,5,N,N,N
507,507,1WTS,1WTS0507,HISTORY,Pioneer Visionary Corp,UANS,2019-04-08,2019-10-07,2022-09-29,XRA,5,N,N,N
121,121,5VXP,8RFD0292,CLOSED,Mega Cutting-Edge Technologies,VBCW,2022-09-03,2023-10-11,2004-07-05,XRA,3,Y,Y,N
162,162,8EKC,8EKC0162,ACTIVE,Apex Ingenious Innovations,XEXM,1999-07-07,2013-02-13,,ZKV,3,N,N,N
172,172,8KOQ,8KOQ0172,CLOSED,Proactive Strategic Labs,VCKM,2019-06-02,2023-01-08,2023-03-14,TXS,3,N,N,N
960,960,0RXG,0RXG0960,ACTIVE,Tech Power Solutions,GLKB,2020-06-26,2022-02-08,,TXS,2,N,N,N
789,789,6JSS,9HMD0543,HISTORY,Diverse Power Enterprises,HAYQ,2010-09-06,2017-04-02,1994-05-04,ZKV,1,Y,Y,N
343,343,7IUO,7IUO0343,CLOSED,Global Creative Labs,UANS,2006-01-31,2015-08-13,2018-06-21,TXS,1,N,N,N
520,520,3XAI,9ECZ0262,ACTIVE,Strategic Synergy Enterprises,GLKB,2009-08-04,2011-06-23,,XRA,1,N,N,N
202,202,0WJC,0WJC0202,ACTIVE,Flexible Global Group,GLKB,1996-10-19,2013-09-04,,TXS,2,N,N,N
32,32,1TKR,1TKR0032,CLOSED,Ultimate Revolutionary Consulting,HERA,1997-04-02,2017-05-01,2018-12-26,TXS,1,N,N,N
237,237,7MLP,7MLP0237,ACTIVE,,HAYQ,2015-08-30,2023-06-06,,ZKV,2,N,N,N
197,197,4WKY,4WKY0197,ACTIVE,Global Evolve Enterprises,VCKM,2015-12-03,2016-03-16,1994-10-12,XRA,2,Y,Y,Y
802,802,7GAZ,7GAZ0802,ACTIVE,Excellent Synergy Enterprises,WASB,2001-02-25,2022-07-16,,ZKV,5,N,N,N
505,505,4IJB,4IJB0505,ACTIVE,Elite Progressive Consulting,UANS,2016-10-03,2019-06-18,,ZKV,1,N,N,N
296,296,0XXL,0XXL0296,ACTIVE,,HAYQ,2011-12-21,2018-12-10,,ZKV,1,N,N,N
727,727,2SQP,2SQP0727,CLOSED,Mega Innovative Ventures,WASB,2019-10-27,2022-05-02,2023-11-20,TXS,4,N,N,N
691,691,9UVJ,7IUA0141,ACTIVE,Alpha Strategic Solutions,WASB,2006-12-07,2017-06-22,,XRA,2,N,N,N
480,480,9TZU,9TZU0480,ACTIVE,Flexible Innovative Enterprises,UANS,2002-08-19,2014-09-13,1998-05-14,TXS,3,Y,Y,Y
650,650,3FLE,3FLE0650,ACTIVE,Omega Digital Solutions,HERA,2020-02-25,2023-09-04,,ZKV,3,N,N,N
656,656,9CHB,8LLN0774,ACTIVE,Elite Inspire Group,HAYQ,2010-07-22,2017-10-14,,ZKV,1,N,N,N
964,964,1XAG,1XAG0964,ACTIVE,,GLKB,2013-11-15,2023-07-10,,TXS,5,N,N,N
549,549,6EWK,6MAD0799,ACTIVE,Dynamic Strategic Innovations,HERA,2017-11-28,2023-06-11,1993-10-17,TXS,3,Y,Y,Y
835,835,0BMB,3HOX0799,ACTIVE,Swift Tech Industries,WASB,1996-09-16,2016-01-27,,TXS,0,N,N,N
573,573,1JZU,1JZU0573,CLOSED,Visionary Creative Consulting,VCKM,1996-02-07,2000-02-29,2002-11-28,TXS,5,N,N,N
975,975,4IZH,4IZH0975,ACTIVE,Alpha Evolve Innovations,YAKT,2008-07-28,2012-11-26,,XRA,1,N,N,N
119,119,5ZPY,7IMT0823,ACTIVE,Ultimate Synergistic Networks,GLKB,2004-10-07,2006-06-30,,TXS,4,N,N,N
222,222,6TEA,1DEU0295,ACTIVE,Acme Impactful Innovations,XEXM,1998-09-17,2013-03-27,,XRA,3,N,N,N
920,920,1YIE,1YIE0920,HISTORY,Creative Inspiration Industries,VBCW,2012-04-30,2022-12-11,2023-07-04,ZKV,1,N,N,N
40,40,8UZR,8UZR0040,ACTIVE,,VCKM,2016-03-23,2019-01-17,,XRA,3,N,N,N
365,365,2OLI,2OLI0365,ACTIVE,Pioneer Synergistic Solutions,UANS,1992-01-01,2006-03-10,,XRA,0,N,N,N
31,31,1ZNU,6GDI0359,ACTIVE,Apex Strategic Innovations,HERA,2006-08-18,2016-08-08,1998-09-04,ZKV,4,Y,Y,Y
200,200,6PHX,6PHX0200,ACTIVE,Infinite Impactful Solutions,WASB,2014-03-09,2014-10-26,,ZKV,5,N,N,N
889,889,6QXO,6QXO0889,ACTIVE,Visionary Impactful Services,HAYQ,2022-06-26,2023-09-11,,XRA,0,N,N,N
90,90,8FSO,8FSO0090,ACTIVE,Flexible First Enterprises,VBCW,2010-12-07,2015-11-28,,TXS,4,N,N,N
230,230,6WAX,2RGV0472,ACTIVE,Flexible Innovative Dynamics,HERA,2009-06-05,2016-03-31,,XRA,4,N,N,N
150,150,7IMR,7IMR0150,ACTIVE,Dynamic Advanced Solutions,GLKB,1998-05-19,2008-09-11,,ZKV,1,N,N,N
110,110,9UVT,9UVT0110,ACTIVE,Brilliant Synergistic Technologies,HERA,2023-06-15,2023-07-03,,TXS,5,N,N,N
721,721,6XKP,5OLI0208,ACTIVE,Epic Revolutionary Enterprises,UANS,2002-07-06,2019-08-26,,TXS,4,N,N,N
839,839,7FDR,7FDR0839,CLOSED,Prime Synergy Group,UANS,2018-09-06,2023-09-19,1995-04-10,ZKV,4,Y,Y,N
451,451,5LCY,5LCY0451,ACTIVE,Prime Sustainable Enterprises,VBCW,1991-08-18,1998-10-05,,ZKV,0,N,N,N
124,124,2JLB,2HCD0545,HISTORY,Swift Synergistic Solutions,GLKB,1994-04-14,2003-06-18,2013-01-17,XRA,5,N,N,N
264,264,5UPJ,9KYS0985,ACTIVE,Excellent Sustainable Innovations,HERA,2023-05-13,2023-12-02,,TXS,3,N,N,N
746,746,3FYJ,7IUA0141,ACTIVE,Creative Power Consulting,YAKT,1998-03-25,,,ZKV,3,N,N,N
511,511,3ZRP,3ZRP0511,HISTORY,Strategic Synergy Innovations,HAYQ,1993-12-01,2007-10-22,1993-08-11,ZKV,3,Y,Y,N
985,985,1MXE,1MXE0985,ACTIVE,Alpha Evolve Dynamics,WASB,2014-10-01,2021-03-21,,TXS,1,N,N,N
217,217,5MLJ,5MLJ0217,ACTIVE,Swift Global Enterprises,HERA,2012-05-18,2023-07-11,,TXS,5,N,N,N
176,176,1LOD,1LOD0176,ACTIVE,Dynamic Synergistic Labs,WASB,2022-02-12,2023-08-01,,XRA,3,N,N,N
370,370,0JIA,5BSO0691,HISTORY,Prime Innovative Innovations,UANS,1992-12-21,,2022-02-24,TXS,4,N,N,N
863,863,1ZAD,1ZAD0863,ACTIVE,,VCKM,2008-04-07,,,ZKV,2,N,N,N
398,398,6GQI,6GQI0398,ACTIVE,Ultimate Sustainable Co,WASB,2000-02-04,2013-06-26,,ZKV,3,N,N,N
633,633,1EEN,5XOC0394,ACTIVE,Diverse Strive Technologies,XEXM,1995-10-16,2009-01-01,,ZKV,4,N,N,N
59,59,7TQZ,3QKF0540,ACTIVE,Creative Transformative Networks,YAKT,1999-10-24,2003-12-30,,ZKV,1,N,N,N
106,106,7XRJ,7XRJ0106,ACTIVE,Superior Strategic Enterprises,VBCW,2022-11-30,2023-01-11,,TXS,2,N,N,N
966,966,5KSK,5KSK0966,ACTIVE,,YAKT,2021-08-25,2023-12-30,,ZKV,4,N,N,N
87,87,0STJ,0STJ0087,CLOSED,Strategic Power Group,VBCW,1997-08-10,2008-12-02,1992-07-11,XRA,5,Y,Y,N
915,915,7FSJ,6UHK0709,HISTORY,,HAYQ,2013-04-12,2019-02-10,2021-12-21,XRA,5,N,N,N
782,782,7XCF,0ZMR0383,ACTIVE,Pioneer Forward Enterprises,UANS,2010-09-18,2022-04-18,,XRA,5,N,N,N
369,369,5DTH,5DTH0369,ACTIVE,Tech Sustainable Industries,HAYQ,1990-12-29,1994-01-02,,XRA,0,N,N,N
416,416,9GNA,0QGV0797,ACTIVE,Brilliant Sustainable Group,YAKT,1991-09-20,2018-07-26,,ZKV,1,N,N,N
640,640,9BQV,9BQV0640,ACTIVE,Infinite Evolve Industries,VBCW,1997-03-01,2002-04-03,,ZKV,0,N,N,N
866,866,6VMV,6VMV0866,HISTORY,Alpha Dynamic Ventures,VCKM,2016-03-24,2021-01-28,2023-09-10,ZKV,2,N,N,N
25,25,6EEF,6EEF0025,CLOSED,Proactive Progressive Enterprises,VCKM,2004-01-10,2009-03-16,2019-02-23,ZKV,3,N,N,N
45,45,1HUP,1HUP0045,ACTIVE,Fusion Evolve Enterprises,GLKB,2007-09-30,2007-12-09,,XRA,3,N,N,N
387,387,3ILY,3ILY0387,ACTIVE,Acme Global Enterprises,HAYQ,2000-09-02,2021-01-19,,TXS,2,N,N,N
488,488,1DLW,1DLW0488,ACTIVE,Prime Forward Consulting,YAKT,2021-02-17,2022-12-30,,XRA,0,N,N,N
610,610,3YDS,3YDS0610,ACTIVE,Vibrant Impactful Labs,UANS,2008-10-04,2018-10-01,,TXS,3,N,N,N
321,321,4HPA,8BDW0829,CLOSED,Creative Vision Corp,VCKM,2022-01-25,2023-01-23,2023-10-23,ZKV,0,N,N,N
434,434,3BQE,3BQE0434,ACTIVE,Infinite Global Ventures,HERA,2010-07-11,2022-01-19,,XRA,0,N,N,N
799,799,6JFU,6JFU0799,HISTORY,Dynamic Advanced Ventures,HERA,2020-08-22,2022-10-03,2023-07-29,TXS,0,N,N,N
121,121,8OVU,2ALN0380,ACTIVE,Flexible First Group,VCKM,2015-12-06,2017-10-10,,TXS,5,N,N,N
539,539,1NHL,1WGJ0841,CLOSED,Diverse Cutting-Edge Enterprises,WASB,2005-05-04,2021-05-27,2022-10-15,XRA,4,N,N,N
493,493,4OKJ,6GDI0359,ACTIVE,Superior First Group,WASB,2008-12-08,2012-05-28,,XRA,2,N,N,N
473,473,6JQL,3VYG0673,CLOSED,,UANS,2015-12-13,2020-02-10,2022-01-24,ZKV,5,N,N,N
253,253,4IEY,4IEY0253,HISTORY,Strategic Creative Ventures,XEXM,2014-10-18,2019-11-29,2020-08-22,TXS,5,N,N,N
467,467,2ZUX,7TIS0923,ACTIVE,Tech Dynamic Systems,YAKT,1992-07-23,,,XRA,2,N,N,N
642,642,1FYH,1FYH0642,CLOSED,Excellent Dynamic Solutions,GLKB,2003-05-26,2020-09-29,1998-12-24,ZKV,0,Y,Y,N
964,964,1CIZ,1CIZ0964,HISTORY,Infinite Advanced Technologies,HAYQ,2012-09-16,2022-02-09,2023-12-20,TXS,4,N,N,N
709,709,1MOZ,1MOZ0709,HISTORY,Dynamic Precision Ventures,WASB,2001-10-18,2004-07-24,2012-12-24,XRA,2,N,N,N
887,887,1TUR,1TUR0887,CLOSED,Creative Smart Co,YAKT,2023-12-24,2024-01-11,2024-01-12,ZKV,1,N,N,N
563,563,6KJB,1PBS0010,ACTIVE,Brilliant Dynamic Enterprises,GLKB,2022-01-31,2023-10-12,,XRA,1,N,N,N
543,543,9HMD,9HMD0543,ACTIVE,Epic Revolutionary Innovations,UANS,2019-10-02,,,TXS,1,N,N,N
883,883,1YDS,8SZO0921,ACTIVE,Infinite Inspire Innovations,VCKM,2014-12-15,2018-02-01,,ZKV,0,N,N,N
124,124,3NQZ,3NQZ0124,HISTORY,Creative Impactful Enterprises,HERA,1992-01-09,2021-02-08,1991-08-06,XRA,0,Y,Y,N
811,811,1GFR,1GFR0811,CLOSED,Visionary Global Group,XEXM,2017-10-07,2018-04-16,2020-05-21,TXS,2,N,N,N
762,762,0CNE,0CNE0762,ACTIVE,Omega Dynamic Consulting,HERA,2003-06-06,2019-02-07,2001-04-29,ZKV,0,Y,Y,Y
125,125,3NJC,3NJC0125,ACTIVE,Ultimate Strategic Services,UANS,2020-12-13,2021-01-11,,TXS,3,N,N,N
966,966,9UGT,9UGT0966,ACTIVE,,VCKM,1995-06-09,2000-02-09,,TXS,1,N,N,N
249,249,0VHE,5UYR0441,ACTIVE,,HERA,2020-12-06,2021-05-04,,TXS,0,N,N,N
681,681,7BKF,7BKF0681,ACTIVE,Strategic Dynamic Solutions,VCKM,2014-04-09,2019-02-21,,XRA,4,N,N,N
160,160,0GZC,7GBM0421,ACTIVE,Mega Revolutionary Corp,WASB,1990-08-14,2021-11-18,,XRA,5,N,N,N
547,547,3ZXA,3ZXA0547,ACTIVE,Dynamic Smart Enterprises,WASB,2003-05-07,2009-11-27,,TXS,2,N,N,N
9,9,0VPD,6KTM0664,ACTIVE,Ultimate Digital Labs,WASB,2000-06-12,2007-05-15,,ZKV,2,N,N,N
486,486,4ZQI,4ZQI0486,ACTIVE,Vibrant Precision Consulting,XEXM,2002-08-22,2008-11-05,,XRA,0,N,N,N
297,297,7AIP,1NBS0604,ACTIVE,Swift Strive Co,HAYQ,1992-01-27,2018-04-13,,TXS,5,N,N,N
828,828,4QFO,3HOX0799,ACTIVE,Ultimate Synergy Technologies,WASB,2020-07-16,2023-11-19,2011-08-01,ZKV,3,Y,Y,Y
980,980,6ZTZ,6PKV0559,ACTIVE,,WASB,2022-11-13,2023-09-11,,TXS,5,N,N,N
307,307,7RRT,7RRT0307,ACTIVE,Ultimate Advanced Consulting,VCKM,1996-05-04,2016-04-07,,TXS,4,N,N,N
543,543,9QJN,9QJN0543,ACTIVE,Omega Strive Labs,VBCW,2006-10-10,2023-03-07,1999-07-30,TXS,2,Y,Y,Y
685,685,2CNG,5AKE0957,HISTORY,Mega Synergy Ventures,UANS,2011-12-15,2019-03-08,2024-01-22,XRA,4,N,N,N
577,577,9FLR,6FXQ0025,CLOSED,Tech Synergy Group,WASB,2016-02-05,2020-08-16,2008-05-20,TXS,2,Y,Y,N
397,397,7OGB,7OGB0397,CLOSED,Flexible Vision Innovations,VCKM,1997-07-07,2000-11-15,2005-11-29,XRA,2,N,N,N
748,748,4TVZ,4TVZ0748,ACTIVE,Proactive Creative Technologies,WASB,1995-02-27,2001-11-23,,XRA,3,N,N,N
573,573,7LKI,7LKI0573,ACTIVE,Dynamic Synergy Labs,XEXM,2015-11-15,2018-07-23,2007-09-17,ZKV,4,Y,Y,Y
983,983,6GIG,6GIG0983,ACTIVE,Pioneer Strive Enterprises,HAYQ,2004-03-16,,,TXS,2,N,N,N
620,620,5TNQ,5TNQ0620,ACTIVE,Prime Cutting-Edge Enterprises,VCKM,2010-08-31,2016-10-01,,TXS,0,N,N,N
387,387,3NAI,3NAI0387,ACTIVE,Prime Ingenious Ventures,UANS,1992-09-08,2009-10-13,,XRA,4,N,N,N
541,541,4GYE,8AEK0296,ACTIVE,Swift Ingenious Innovations,HERA,2001-09-09,,,ZKV,2,N,N,N
157,157,5LAN,5LAN0157,ACTIVE,Ultimate Progressive Systems,YAKT,2011-07-25,2018-06-06,1993-05-14,TXS,1,Y,Y,Y
607,607,0RZJ,2NRN0653,ACTIVE,Innovative Tech Labs,XEXM,2016-01-10,2017-03-24,,ZKV,5,N,N,N
141,141,7IUA,7IUA0141,ACTIVE,Apex Smart Enterprises,YAKT,1991-02-27,2013-12-19,,TXS,4,N,N,N
39,39,5YBE,5YBE0039,ACTIVE,Infinite Ingenious Consulting,HAYQ,2017-10-16,2022-06-24,,TXS,5,N,N,N
543,543,6RWT,6RWT0543,CLOSED,Omega Inspiration Group,GLKB,2004-01-25,2020-04-26,2021-02-11,XRA,0,N,N,N
223,223,9QPV,9QPV0223,ACTIVE,Visionary Progressive Solutions,XEXM,2015-01-20,2021-02-12,,TXS,2,N,N,N
404,404,1POW,1ORA0289,ACTIVE,Infinite Strive Enterprises,HERA,2004-03-15,2007-02-16,,XRA,4,N,N,N
394,394,5XOC,5XOC0394,ACTIVE,Proactive First Networks,HAYQ,2011-03-14,2012-09-02,,XRA,2,N,N,N
281,281,7FZI,7FZI0281,HISTORY,,WASB,2010-05-14,2019-12-18,2023-07-30,XRA,0,N,N,N
346,346,5ZCF,4XKK0560,ACTIVE,Mega Cutting-Edge Dynamics,XEXM,1998-02-24,2003-04-03,,XRA,3,N,N,N
693,693,3RRR,3RRR0693,ACTIVE,Mega Inspiration Ventures,VBCW,2009-05-12,,,XRA,2,N,N,N
382,382,4JTM,5EEU0699,ACTIVE,Excellent Evolution Industries,WASB,1996-05-25,1998-01-15,,TXS,0,N,N,N
347,347,7ZYG,5PTL0050,ACTIVE,Dynamic Tech Group,UANS,2018-01-23,2022-08-26,2002-09-01,ZKV,4,Y,Y,Y
319,319,1IKV,0LCW0802,ACTIVE,Alpha Digital Co,HAYQ,1996-07-26,2003-10-18,,ZKV,5,N,N,N
354,354,3UWL,3UWL0354,ACTIVE,,HAYQ,1993-01-11,1994-12-18,,XRA,4,N,N,N
315,315,9HPR,9HPR0315,ACTIVE,Brilliant Evolution Enterprises,VCKM,1995-10-19,2000-07-08,,TXS,2,N,N,N
949,949,7BLO,7BLO0949,CLOSED,Diverse Future Group,GLKB,2011-02-22,2022-11-12,2022-11-20,XRA,0,N,N,N
486,486,1VLT,1VLT0486,ACTIVE,Flexible Revolutionary Enterprises,VCKM,1992-09-17,2001-04-21,1991-09-28,TXS,1,Y,Y,Y
844,844,0WXQ,0WXQ0844,ACTIVE,Innovative Power Enterprises,GLKB,2016-07-28,2018-02-28,,XRA,4,N,N,N
159,159,0TMZ,9QOD0650,ACTIVE,Alpha Inspiration Solutions,HERA,2005-12-06,2017-01-17,1998-12-26,XRA,5,Y,Y,Y
883,883,9AIK,9AIK0883,CLOSED,Prime Forward Solutions,VCKM,2005-11-26,2008-01-17,2017-04-21,TXS,2,N,N,N
110,110,9ATY,5SHH0476,ACTIVE,Tech Tech Group,VCKM,2018-12-28,2019-09-17,,ZKV,3,N,N,N
73,73,5JVV,5JVV0073,HISTORY,Flexible Future Labs,WASB,2017-12-31,2021-05-30,2021-11-22,XRA,1,N,N,N
920,920,5NQX,3HQR0737,ACTIVE,Elite Inspire Innovations,UANS,2015-07-13,2017-12-22,,TXS,2,N,N,N
767,767,1RYA,1RYA0767,ACTIVE,Proactive First Group,GLKB,2007-09-07,2008-01-27,,TXS,4,N,N,N
675,675,0MMA,0MMA0675,ACTIVE,Alpha Sustainable Dynamics,HAYQ,2001-02-27,,,ZKV,2,N,N,N
546,546,1RKH,1RKH0546,ACTIVE,,VBCW,2006-04-20,2017-01-11,,ZKV,3,N,N,N
824,824,7SJT,7SJT0824,ACTIVE,Prime Dynamic Enterprises,HAYQ,1991-10-15,2012-07-20,,XRA,3,N,N,N
546,546,6SVX,6SVX0546,ACTIVE,Acme Transformative Technologies,HAYQ,1991-01-13,2009-07-12,1990-09-12,TXS,0,Y,Y,Y
344,344,5CCC,5CCC0344,ACTIVE,Global Global Ventures,HAYQ,1997-12-20,2005-10-02,,ZKV,1,N,N,N
560,560,4XKK,4XKK0560,ACTIVE,Vibrant Progressive Consulting,XEXM,1998-06-22,2018-04-11,,XRA,4,N,N,N
912,912,2QJG,2QJG0912,ACTIVE,Creative Impactful Innovations,WASB,2013-02-22,2016-04-22,,TXS,0,N,N,N
652,652,7MZP,7MZP0652,ACTIVE,Infinite Dynamic Solutions,VBCW,2004-01-25,2010-03-15,,ZKV,1,N,N,N
441,441,9OOK,9OOK0441,HISTORY,Proactive Global Solutions,WASB,2012-02-17,2019-09-22,2022-02-26,ZKV,5,N,N,N
418,418,6JUD,6JUD0418,ACTIVE,Epic Power Group,WASB,2022-10-02,2023-04-10,,ZKV,3,N,N,N
486,486,3MBR,2APF0289,ACTIVE,Strategic Innovative Systems,YAKT,2008-01-03,2014-09-17,,TXS,1,N,N,N
556,556,8IAV,8IAV0556,ACTIVE,Prime Evolve Technologies,HERA,2016-01-04,2022-10-26,2006-02-25,TXS,3,Y,Y,Y
23,23,0ZZY,0ZZY0023,CLOSED,Innovative Innovative Enterprises,XEXM,2005-06-30,2008-04-08,2016-03-13,TXS,3,N,N,N
439,439,6IYY,6IYY0439,ACTIVE,Creative Strive Enterprises,VCKM,2008-12-15,2009-05-07,,XRA,2,N,N,N
216,216,4RYQ,4RYQ0216,ACTIVE,Creative Inspiration Systems,XEXM,1998-11-07,,,XRA,4,N,N,N
146,146,4YHV,4YHV0146,ACTIVE,Pioneer Evolve Networks,HERA,2019-08-18,2020-05-24,,ZKV,1,N,N,N
646,646,5GAX,5GAX0646,CLOSED,Apex Synergistic Technologies,YAKT,1993-02-23,2010-11-10,2023-09-16,TXS,1,N,N,N
589,589,0MCI,0MCI0589,ACTIVE,Epic Creative Group,VBCW,2000-04-06,2018-09-06,1997-03-24,TXS,0,Y,Y,Y
782,782,6IFK,4ZFN0345,ACTIVE,Omega Future Technologies,WASB,2018-09-17,2020-10-05,,TXS,0,N,N,N
809,809,5RZC,5RZC0809,CLOSED,Creative First Co,VBCW,2017-08-29,2023-12-23,2024-01-15,TXS,2,N,N,N
313,313,2FKU,2FKU0313,CLOSED,Brilliant Cutting-Edge Solutions,YAKT,2003-02-28,,2023-09-26,TXS,0,N,N,N
855,855,7DFD,5PTL0050,ACTIVE,Elite Advanced Enterprises,YAKT,2013-02-15,2022-07-26,,ZKV,4,N,N,N
837,837,9SWM,9SWM0837,ACTIVE,Epic Inspiration Technologies,XEXM,2004-12-19,,,XRA,3,N,N,N
466,466,4WTA,8MGK0315,ACTIVE,Tech Inspire Solutions,HERA,2012-04-24,2024-01-01,,ZKV,0,N,N,N
671,671,5MYT,5MYT0671,ACTIVE,Elite Sustainable Enterprises,XEXM,2019-06-26,,,TXS,3,N,N,N
340,340,3IPH,3IPH0340,ACTIVE,Elite Visionary Co,XEXM,2018-09-11,2019-09-10,,XRA,4,N,N,N
33,33,1SLT,6DJF0415,ACTIVE,Fusion Digital Solutions,UANS,1996-07-29,2000-06-23,,ZKV,2,N,N,N
342,342,2JTD,2JTD0342,ACTIVE,Tech Evolve Dynamics,VBCW,1995-09-28,,1993-04-11,TXS,3,N,Y,Y
252,252,2DIY,2DIY0252,ACTIVE,Mega Global Technologies,UANS,2002-03-31,2008-09-02,,TXS,5,N,N,N
163,163,0FCQ,0FCQ0163,ACTIVE,Global Strive Solutions,YAKT,2004-05-11,2008-02-23,2000-01-12,ZKV,0,Y,Y,Y
252,252,0DNU,0DNU0252,ACTIVE,,WASB,2023-07-19,2023-10-31,,ZKV,2,N,N,N
533,533,3IYI,9WDK0921,ACTIVE,Mega Dynamic Technologies,GLKB,2023-06-09,2023-10-10,,ZKV,5,N,N,N
362,362,4IIP,4IIP0362,ACTIVE,Excellent Future Solutions,YAKT,2006-11-22,2013-11-01,2001-01-18,XRA,1,Y,Y,Y
3,3,3VCB,0EWK0445,ACTIVE,Infinite Vision Services,WASB,1995-02-25,2015-01-31,,TXS,2,N,N,N
798,798,9MGY,9MGY0798,ACTIVE,Global Evolve Solutions,VCKM,1991-11-18,2018-04-12,,ZKV,0,N,N,N
688,688,0HQC,0HQC0688,ACTIVE,Strategic Synergy Enterprises,HERA,2007-12-09,2015-12-22,,ZKV,5,N,N,N
846,846,7REB,3YQY0157,CLOSED,Acme Dynamic Innovations,HERA,2003-01-05,2005-07-19,2017-07-09,TXS,5,N,N,N
379,379,3UEQ,3UEQ0379,ACTIVE,Visionary Revolutionary Enterprises,HERA,2022-05-18,2023-04-03,,TXS,5,N,N,N
254,254,8GTS,5EEU0699,ACTIVE,Innovative Vision Enterprises,UANS,2014-06-01,2019-04-12,,XRA,4,N,N,N
100,100,3IYJ,3IYJ0100,ACTIVE,,HERA,2010-12-17,2023-06-17,,ZKV,5,N,N,N
935,935,2GYQ,2GYQ0935,ACTIVE,Ultimate Synergistic Co,YAKT,2007-08-14,2008-03-23,2003-11-04,ZKV,4,Y,Y,Y
957,957,5AKE,7YRF0089,ACTIVE,Excellent Dynamic Innovations,VCKM,2014-01-05,2018-05-11,1998-05-17,ZKV,1,Y,Y,Y
513,513,2YFE,2YFE0513,ACTIVE,,HERA,1997-11-14,2000-09-30,,XRA,3,N,N,N
411,411,6SJZ,4IFR0183,ACTIVE,Mega Inspiration Solutions,WASB,2005-02-17,2015-04-26,1993-08-17,XRA,2,Y,Y,Y
751,751,9BKY,9BKY0751,ACTIVE,Vibrant Strategic Co,HERA,2009-12-31,2019-09-06,,ZKV,1,N,N,N
691,691,5BSO,5BSO0691,ACTIVE,Brilliant Impactful Group,VBCW,2018-01-14,2021-01-01,2008-12-21,TXS,0,Y,Y,Y
439,439,3IUU,3IUU0439,ACTIVE,Superior Inspire Co,VBCW,2014-05-17,2018-11-30,,TXS,4,N,N,N
344,344,1JOH,1JOH0344,ACTIVE,Infinite Smart Consulting,UANS,1996-03-14,2008-03-08,,TXS,2,N,N,N
540,540,1ASM,4PUJ0034,ACTIVE,Diverse Tech Services,UANS,1997-12-10,,,XRA,1,N,N,N
917,917,5HBU,5NPF0508,ACTIVE,,WASB,2001-09-04,2009-06-14,,ZKV,5,N,N,N
694,694,9GTR,3KWQ0749,ACTIVE,Dynamic Transformative Enterprises,GLKB,1998-09-10,2004-04-21,1998-03-08,XRA,1,Y,Y,Y
616,616,2HPO,2HPO0616,HISTORY,,GLKB,1996-02-23,,2019-02-01,ZKV,4,N,N,N
351,351,2FDG,2FDG0351,ACTIVE,Alpha Precision Technologies,VBCW,2017-12-18,2021-05-24,1992-12-28,ZKV,2,Y,Y,Y
464,464,7BTG,7BTG0464,ACTIVE,Visionary Strive Services,VCKM,2023-07-23,2023-09-22,,XRA,2,N,N,N
290,290,6CHA,6CHA0290,ACTIVE,Swift Synergy Group,VCKM,1999-05-04,2016-10-06,,XRA,2,N,N,N
457,457,8SHV,8SHV0457,HISTORY,Omega Revolutionary Consulting,VBCW,2015-09-01,2021-11-06,2023-10-02,ZKV,3,N,N,N
948,948,1OFK,1OFK0948,ACTIVE,Elite Cutting-Edge Co,WASB,2005-08-21,2018-08-29,,TXS,1,N,N,N
658,658,5IIU,5IIU0658,ACTIVE,Creative Cutting-Edge Consulting,HERA,2014-12-30,,2007-02-09,TXS,5,N,Y,Y
659,659,7RTG,5OLI0208,ACTIVE,Innovative Progressive Services,WASB,1990-03-25,2018-10-28,,TXS,2,N,N,N
200,200,7ZZO,7ZZO0200,ACTIVE,Strategic Evolution Solutions,XEXM,2014-12-17,2023-01-11,,XRA,5,N,N,N
1000,1000,7WLU,4EYY0758,ACTIVE,Tech Visionary Services,HAYQ,2006-06-24,2019-11-01,,TXS,5,N,N,N
878,878,5ZNO,5ZNO0878,ACTIVE,Alpha Strive Enterprises,VBCW,2021-08-10,2023-04-16,,XRA,5,N,N,N
184,184,1QZM,7OMI0776,HISTORY,Flexible Digital Innovations,VCKM,2015-09-29,,2018-06-11,ZKV,2,N,N,N
578,578,3GDW,6TEA0222,ACTIVE,Mega Strive Enterprises,HAYQ,2006-11-12,2011-11-04,1992-02-01,ZKV,4,Y,Y,Y
439,439,9EDZ,9EDZ0439,ACTIVE,Global Advanced Co,VCKM,1994-12-16,2021-04-16,,ZKV,5,N,N,N
910,910,1TZM,3XAI0520,ACTIVE,Strategic Inspire Networks,WASB,2016-09-06,2017-05-31,,XRA,0,N,N,N
708,708,4EFJ,4EFJ0708,ACTIVE,Tech Sustainable Solutions,VBCW,1990-01-26,2011-05-06,,XRA,2,N,N,N
867,867,4FEE,4FEE0867,HISTORY,Alpha Strive Solutions,VBCW,2021-09-16,2021-10-19,2023-12-26,ZKV,3,N,N,N
402,402,1PCU,1PCU0402,ACTIVE,Creative Creative Systems,HAYQ,2013-03-02,2017-09-14,,TXS,2,N,N,N
785,785,2HEQ,2HEQ0785,ACTIVE,Mega Ingenious Corp,HERA,1993-10-03,2016-05-31,,TXS,2,N,N,N
472,472,3HQQ,3HQQ0472,ACTIVE,Visionary Dynamic Solutions,WASB,1993-01-31,2005-08-08,,XRA,2,N,N,N
943,943,5WKS,5WKS0943,CLOSED,Epic Advanced Technologies,HERA,2017-01-18,2022-12-14,2023-05-05,ZKV,1,N,N,N
932,932,3CQZ,3CQZ0932,ACTIVE,Omega Revolutionary Innovations,HAYQ,1993-12-19,1997-11-29,,TXS,4,N,N,N
954,954,1IRH,4BSD0592,ACTIVE,Swift Synergy Ventures,VCKM,2012-01-25,2012-07-25,,ZKV,3,N,N,N
774,774,8LLN,8LLN0774,HISTORY,,WASB,2001-12-27,2015-04-15,2015-12-14,XRA,1,N,N,N
713,713,4EOH,4EOH0713,ACTIVE,Prime Future Group,XEXM,2000-02-01,2013-12-17,,ZKV,0,N,N,N
337,337,8YEN,8YEN0337,ACTIVE,Excellent Revolutionary Solutions,HERA,2008-09-04,2017-07-03,,ZKV,4,N,N,N
286,286,0VWQ,0VWQ0286,ACTIVE,Mega Visionary Systems,YAKT,2014-01-27,,,TXS,0,N,N,N
384,384,1BRT,0BAJ0830,ACTIVE,Superior Future Innovations,VCKM,2000-07-27,2005-11-25,,TXS,1,N,N,N
926,926,9SZU,9SZU0926,CLOSED,,VCKM,2017-07-30,2018-02-13,2022-12-01,ZKV,2,N,N,N
594,594,4XIV,4XIV0594,ACTIVE,Proactive Precision Industries,VCKM,2023-09-13,2023-10-11,2022-11-29,ZKV,5,Y,Y,Y
882,882,5TUD,2DKM0400,HISTORY,Global Vision Enterprises,VBCW,2018-09-29,2019-04-08,1994-02-16,ZKV,2,Y,Y,N
437,437,5ULM,5ULM0437,CLOSED,Global Vision Enterprises,VBCW,2011-08-30,2018-10-01,2021-04-01,TXS,1,N,N,N
666,666,8VYU,8VYU0666,ACTIVE,Diverse Creative Solutions,HERA,2005-02-19,2011-03-06,,TXS,0,N,N,N
57,57,2YWT,2YWT0057,ACTIVE,,YAKT,2009-09-03,,1992-01-15,XRA,5,N,Y,Y
420,420,5JAL,7MKI0230,ACTIVE,Strategic Impactful Systems,YAKT,1991-02-17,1995-12-13,,ZKV,3,N,N,N
352,352,9NZN,9NZN0352,CLOSED,Omega Future Solutions,XEXM,2016-12-30,2023-06-16,2023-09-27,TXS,0,N,N,N
691,691,3HOR,3RIS0881,ACTIVE,Prime Inspiration Systems,VCKM,1995-05-17,2021-09-14,,ZKV,3,N,N,N
251,251,4FAB,4FAB0251,ACTIVE,Innovative First Enterprises,HERA,2000-05-06,2019-12-19,1997-10-05,ZKV,3,Y,Y,Y
102,102,4WGQ,4WGQ0102,ACTIVE,,XEXM,1995-12-22,1997-03-06,,XRA,2,N,N,N
44,44,0WQZ,0WQZ0044,ACTIVE,Strategic Transformative Enterprises,YAKT,2017-06-21,2023-11-01,,XRA,4,N,N,N
552,552,8BUC,5KSK0966,HISTORY,Flexible First Technologies,UANS,2021-01-15,2023-01-02,2023-01-25,TXS,0,N,N,N
358,358,1KBM,1KBM0358,HISTORY,Pioneer Creative Solutions,WASB,1992-04-20,2018-12-22,1991-02-22,TXS,3,Y,Y,N
632,632,0EBU,0EBU0632,ACTIVE,Pioneer Evolve Solutions,HAYQ,1995-07-30,2018-03-30,1990-05-25,XRA,2,Y,Y,Y
650,650,4TTJ,0MXY0710,HISTORY,Proactive Forward Group,HAYQ,2002-12-23,2013-03-11,2020-07-20,ZKV,2,N,N,N
765,765,6VSL,6VSL0765,ACTIVE,,UANS,2000-12-20,,1991-03-05,ZKV,2,N,Y,Y
682,682,4RZT,6WAX0230,ACTIVE,Swift Power Technologies,UANS,2002-12-26,2012-12-10,,XRA,3,N,N,N
941,941,6TNA,6TNA0941,ACTIVE,Flexible Evolve Enterprises,YAKT,2011-11-28,2019-01-25,,TXS,1,N,N,N
468,468,6AJO,0GGP0236,CLOSED,Dynamic Inspire Enterprises,WASB,2015-03-21,2019-09-06,2023-06-27,ZKV,1,N,N,N
61,61,6UYW,6UYW0061,ACTIVE,Apex Global Enterprises,HAYQ,2010-12-25,2020-04-07,2006-01-10,ZKV,2,Y,Y,Y
359,359,8VCP,8VCP0359,HISTORY,Excellent Sustainable Networks,HERA,2008-08-15,2019-11-21,2020-12-05,XRA,3,N,N,N
658,658,1EQS,1EQS0658,HISTORY,,WASB,2011-03-29,2018-03-16,2020-09-12,ZKV,5,N,N,N
554,554,5QLZ,5QLZ0554,ACTIVE,Superior Synergistic Enterprises,HAYQ,2015-07-01,2021-02-04,,TXS,3,N,N,N
492,492,5SZD,5SZD0492,HISTORY,Swift Impactful Technologies,WASB,1990-07-06,2000-10-08,2004-11-24,XRA,1,N,N,N
181,181,5FWB,5FWB0181,ACTIVE,Flexible Dynamic Technologies,HAYQ,2000-11-19,2004-05-09,,ZKV,4,N,N,N
280,280,8XPD,8XPD0280,HISTORY,Creative Smart Networks,HAYQ,2011-10-17,2014-06-23,2022-06-04,XRA,3,N,N,N
417,417,0YRN,0YRN0417,HISTORY,Innovative Forward Solutions,HERA,2000-12-17,2015-12-30,2019-07-12,TXS,5,N,N,N
508,508,6BOO,6BOO0508,ACTIVE,Acme Progressive Corp,HERA,2009-10-17,2023-09-15,,TXS,1,N,N,N
858,858,7MZK,7MZK0858,ACTIVE,Proactive Inspiration Enterprises,GLKB,2002-10-03,2022-04-30,,XRA,5,N,N,N
270,270,0PNU,5ZCF0346,ACTIVE,Excellent Progressive Enterprises,XEXM,2015-06-19,2020-12-01,,ZKV,4,N,N,N
205,205,1OUM,1OUM0205,ACTIVE,Proactive Smart Labs,YAKT,2018-08-23,2019-10-15,,TXS,0,N,N,N
32,32,3BQQ,3BQQ0032,ACTIVE,Visionary Synergy Innovations,HAYQ,2000-06-07,2014-03-04,,ZKV,2,N,N,N
920,920,8QAY,8QAY0920,ACTIVE,Epic Impactful Systems,GLKB,2015-04-08,2019-09-10,,ZKV,0,N,N,N
317,317,9IUC,9BDC0794,ACTIVE,Elite Creative Enterprises,VBCW,2010-06-22,2018-08-04,,ZKV,0,N,N,N
627,627,2KMH,2KMH0627,CLOSED,Excellent Inspire Co,UANS,2012-11-05,,2023-09-12,ZKV,0,N,N,N
634,634,8YMC,8YMC0634,ACTIVE,,HAYQ,2019-09-05,2021-02-26,,ZKV,5,N,N,N
90,90,0KEY,3QKF0540,ACTIVE,Excellent Ingenious Technologies,XEXM,1991-03-15,2000-09-05,,TXS,4,N,N,N
673,673,3VYG,3VYG0673,ACTIVE,Infinite Forward Enterprises,XEXM,2018-09-05,2019-02-07,,ZKV,3,N,N,N
350,350,3KRC,9HOI0029,HISTORY,Flexible Impactful Consulting,HAYQ,1992-08-28,1994-05-04,2012-09-28,TXS,2,N,N,N
842,842,2WOT,2WOT0842,ACTIVE,Brilliant Progressive Consulting,XEXM,2023-07-26,2024-01-19,1991-12-13,ZKV,3,Y,Y,Y
73,73,9AGP,9AGP0073,ACTIVE,Global Evolve Enterprises,UANS,2018-08-18,2018-11-02,,XRA,4,N,N,N
743,743,9NID,2JPZ0290,ACTIVE,,XEXM,1999-03-26,2014-10-02,1997-05-04,XRA,4,Y,Y,Y
378,378,0JVF,0JVF0378,ACTIVE,Alpha Forward Ventures,VCKM,2000-06-13,2015-01-14,,TXS,4,N,N,N
790,790,3LMR,1AHT0982,ACTIVE,Flexible Visionary Solutions,YAKT,2011-10-16,2015-10-11,2004-12-17,XRA,4,Y,Y,Y
376,376,2UZN,2UZN0376,ACTIVE,Strategic Strive Networks,HERA,2013-11-16,,1993-08-16,TXS,2,N,Y,Y
888,888,7TQB,7TQB0888,ACTIVE,Innovative Tech Networks,VBCW,2004-12-02,2011-11-20,,ZKV,5,N,N,N
58,58,5MSU,5MSU0058,ACTIVE,Innovative Sustainable Group,HAYQ,2011-11-04,2018-03-31,2000-11-07,XRA,2,Y,Y,Y
376,376,9MIO,9MIO0376,CLOSED,Swift Ingenious Consulting,HAYQ,1996-11-20,2023-12-04,2024-01-16,XRA,0,N,N,N
74,74,7KPI,7KPI0074,ACTIVE,,GLKB,2001-08-29,2022-05-05,1998-09-07,ZKV,3,Y,Y,Y
14,14,8RVG,8RVG0014,ACTIVE,Flexible Forward Solutions,HAYQ,2016-04-04,2020-06-29,,TXS,2,N,N,N
449,449,1TXK,1TXK0449,ACTIVE,Global Progressive Solutions,HERA,2023-05-04,2023-10-07,,TXS,2,N,N,N
66,66,8BBL,8BBL0066,CLOSED,Pioneer Ingenious Co,HERA,2017-07-13,2022-03-12,2023-05-18,ZKV,1,N,N,N
600,600,8XBE,2HCD0545,ACTIVE,,YAKT,1990-11-05,2002-03-29,,XRA,2,N,N,N
300,300,4SGY,4BSD0592,ACTIVE,Creative Digital Industries,HAYQ,2002-03-06,2010-03-09,,TXS,2,N,N,N
405,405,7RQN,9SWM0837,ACTIVE,Ultimate Advanced Technologies,YAKT,2015-06-03,2021-10-02,2013-09-17,XRA,1,Y,Y,Y
945,945,6DBO,6DBO0945,ACTIVE,Alpha Vision Consulting,YAKT,2022-10-16,2023-05-27,,TXS,1,N,N,N
719,719,8EIX,7NSU0946,HISTORY,Elite Power Enterprises,UANS,2017-02-13,,2023-05-12,XRA,5,N,N,N
119,119,9BSF,9BSF0119,ACTIVE,Diverse Vision Enterprises,VBCW,2018-07-08,2020-11-15,,ZKV,2,N,N,N
676,676,4UDZ,9SWM0837,ACTIVE,,WASB,2014-06-19,2014-09-05,,XRA,4,N,N,N
836,836,5DWC,1GFR0811,HISTORY,Flexible Strive Group,HAYQ,1994-05-02,1994-07-19,1996-11-28,XRA,4,N,N,N
729,729,0JMT,0JMT0729,HISTORY,Dynamic Synergistic Consulting,YAKT,2010-03-21,2016-04-14,1990-08-08,XRA,2,Y,Y,N
131,131,2JNK,4SQU0996,ACTIVE,Flexible Forward Technologies,YAKT,1997-11-30,2009-11-02,,ZKV,1,N,N,N
510,510,3LMH,5CCC0344,ACTIVE,Strategic Progressive Technologies,VBCW,2014-01-20,2020-05-02,,XRA,0,N,N,N
701,701,1QUX,1QUX0701,ACTIVE,Infinite Forward Enterprises,UANS,2015-05-05,2023-12-21,,XRA,5,N,N,N
429,429,8AXI,8AXI0429,ACTIVE,Apex Transformative Networks,HERA,2019-07-14,2023-05-20,1990-09-08,XRA,5,Y,Y,Y
169,169,0LSZ,0LSZ0169,ACTIVE,Global Synergy Labs,YAKT,2007-07-31,2017-07-15,,TXS,1,N,N,N
559,559,5ECP,5ECP0559,ACTIVE,Excellent Creative Networks,YAKT,2017-08-06,2019-09-04,,XRA,2,N,N,N
931,931,5UHL,5UHL0931,ACTIVE,Brilliant Transformative Networks,UANS,2003-03-18,2019-09-23,,TXS,4,N,N,N
533,533,3FAN,3FAN0533,ACTIVE,Fusion Digital Enterprises,HERA,2004-02-06,2011-08-09,,ZKV,4,N,N,N
940,940,8SZR,0YSB0536,ACTIVE,Proactive Precision Consulting,VBCW,2012-07-23,2017-10-22,,TXS,2,N,N,N
137,137,8AVX,8AVX0137,CLOSED,Fusion Dynamic Enterprises,YAKT,1997-01-24,2013-01-28,2013-05-05,ZKV,0,N,N,N
236,236,3MYC,3MYC0236,ACTIVE,Proactive Cutting-Edge Technologies,VCKM,2019-03-27,2022-10-03,,XRA,3,N,N,N
291,291,7XJA,7XJA0291,ACTIVE,Pioneer Strive Technologies,XEXM,1996-09-03,2011-08-24,,XRA,0,N,N,N
18,18,8XOQ,8XOQ0018,ACTIVE,Innovative Power Co,XEXM,2001-12-14,2019-02-21,1994-02-23,XRA,4,Y,Y,Y
721,721,7ZAA,2AMT0588,ACTIVE,,UANS,2003-03-25,,,XRA,5,N,N,N
954,954,3BWE,3BWE0954,ACTIVE,Infinite Synergistic Dynamics,UANS,2006-04-22,2015-07-27,,TXS,4,N,N,N
49,49,0QFH,1GFR0811,ACTIVE,Mega Advanced Solutions,HERA,1995-01-25,2000-07-05,,TXS,4,N,N,N
257,257,7JQX,4PUJ0034,HISTORY,Diverse Tech Systems,HERA,1991-11-02,2013-08-31,2021-05-03,ZKV,2,N,N,N
892,892,1WUC,1WUC0892,CLOSED,Strategic Visionary Technologies,HERA,1990-03-31,,2017-01-05,XRA,5,N,N,N
918,918,2CZR,2CZR0918,ACTIVE,Brilliant Precision Technologies,YAKT,2014-08-14,2014-08-29,,TXS,2,N,N,N
438,438,0FBN,0FBN0438,HISTORY,,VCKM,2008-09-04,2020-08-26,2023-10-31,TXS,3,N,N,N
770,770,0VYF,5EEU0699,ACTIVE,Fusion Revolutionary Labs,VBCW,2000-02-27,2010-11-13,,ZKV,2,N,N,N
435,435,6LTF,9BDC0794,ACTIVE,Epic Precision Networks,WASB,1992-12-02,2016-12-22,,ZKV,1,N,N,N
534,534,8ONQ,8ONQ0534,ACTIVE,Tech Creative Enterprises,YAKT,1997-01-14,2011-01-09,,TXS,2,N,N,N
462,462,4NVI,2OKQ0574,CLOSED,Global Strive Solutions,XEXM,1993-09-10,2012-04-12,2017-08-11,XRA,3,N,N,N
550,550,4TTX,4TTX0550,CLOSED,Diverse Visionary Enterprises,GLKB,1992-10-27,2020-10-03,2023-06-01,ZKV,2,N,N,N
236,236,0GGP,0GGP0236,ACTIVE,Prime Inspiration Technologies,VBCW,1990-12-13,2016-12-01,,TXS,3,N,N,N
29,29,9HOI,9HOI0029,ACTIVE,Excellent First Ventures,UANS,2016-04-16,2017-09-13,2007-01-09,TXS,5,Y,Y,Y
945,945,3YIQ,4HHR0598,CLOSED,Alpha Innovative Enterprises,VCKM,2021-07-26,2023-01-23,2010-11-06,XRA,3,Y,Y,N
187,187,6WZX,2APF0289,ACTIVE,Apex Creative Group,HERA,2017-09-04,2021-02-13,,TXS,1,N,N,N
729,729,7WLU,7WLU0729,CLOSED,Alpha Dynamic Solutions,GLKB,1999-12-24,2013-06-24,2020-10-04,ZKV,2,N,N,N
925,925,5WXW,5WXW0925,ACTIVE,,WASB,2001-06-11,2022-03-24,,ZKV,1,N,N,N
777,777,1CAW,1CAW0777,ACTIVE,Fusion Revolutionary Innovations,GLKB,2006-04-28,2011-08-08,,ZKV,3,N,N,N
230,230,7MKI,7MKI0230,ACTIVE,Pioneer Creative Group,HERA,1993-09-15,2005-07-05,1991-10-08,TXS,0,Y,Y,Y
838,838,2UFO,2UFO0838,ACTIVE,Pioneer Impactful Industries,YAKT,2006-07-01,2015-07-14,,TXS,0,N,N,N
302,302,1EKO,1DPY0542,CLOSED,Superior Inspire Solutions,WASB,2014-07-19,2023-07-10,2023-07-18,TXS,4,N,N,N
267,267,2GRS,2GRS0267,ACTIVE,Vibrant Cutting-Edge Solutions,YAKT,2011-12-05,2023-02-15,,XRA,3,N,N,N
941,941,0EUI,5JUJ0852,ACTIVE,Apex Smart Technologies,HAYQ,2005-10-01,2021-08-20,,TXS,3,N,N,N
727,727,7ZEE,7ZEE0727,ACTIVE,Brilliant Power Solutions,GLKB,1999-08-13,2005-07-27,,XRA,5,N,N,N
682,682,2YCD,2YCD0682,ACTIVE,Proactive Synergistic Industries,XEXM,2004-09-02,2017-07-30,,XRA,2,N,N,N
770,770,0YXO,0YXO0770,ACTIVE,Omega First Technologies,VCKM,2012-02-18,2018-04-01,,TXS,5,N,N,N
365,365,2ONB,2ONB0365,HISTORY,Mega Evolution Solutions,YAKT,2002-01-14,2020-12-21,2023-03-22,XRA,0,N,N,N
372,372,1VZV,4PUJ0034,CLOSED,Visionary Global Solutions,VCKM,2012-02-15,2018-08-28,2019-05-15,TXS,4,N,N,N
751,751,1VTF,1VTF0751,ACTIVE,Superior Evolution Dynamics,UANS,2015-01-03,2022-04-30,2012-11-30,ZKV,3,Y,Y,Y
670,670,7RUC,9OXP0677,HISTORY,Epic Dynamic Networks,GLKB,2012-06-07,2019-06-26,2020-01-24,TXS,5,N,N,N
235,235,7LJP,7LJP0235,ACTIVE,Fusion Evolve Systems,YAKT,1993-11-18,2003-07-15,,TXS,0,N,N,N
604,604,1NBS,6OLS0044,CLOSED,,YAKT,1996-08-13,2006-04-05,2023-05-01,ZKV,5,N,N,N
475,475,4XBE,4XBE0475,ACTIVE,Omega Dynamic Group,HAYQ,2004-06-18,2017-01-23,,XRA,2,N,N,N
901,901,8RJM,6TEA0222,ACTIVE,Fusion Impactful Enterprises,HAYQ,2005-08-08,2010-05-11,,TXS,4,N,N,N
637,637,6NVB,5SHH0476,ACTIVE,Epic Global Labs,WASB,1995-11-05,2013-08-21,,XRA,5,N,N,N
512,512,4TBS,4TBS0512,ACTIVE,Swift Sustainable Systems,GLKB,2015-05-03,2019-11-21,,XRA,0,N,N,N
883,883,5JKO,5JKO0883,CLOSED,,VBCW,1994-10-08,2011-07-26,2013-11-07,TXS,5,N,N,N
398,398,0ZOC,0ZOC0398,ACTIVE,Flexible Ingenious Industries,VCKM,2004-10-29,2015-04-25,,ZKV,3,N,N,N
233,233,0MFV,8GER0715,ACTIVE,Mega Transformative Group,XEXM,2019-02-08,2023-07-13,,XRA,4,N,N,N
638,638,8XDE,8XDE0638,CLOSED,Ultimate Dynamic Ventures,XEXM,2006-10-11,2009-08-26,2010-01-13,ZKV,1,N,N,N
474,474,9BVN,4TAG0594,ACTIVE,Visionary Dynamic Systems,GLKB,1992-03-22,2001-04-21,,TXS,4,N,N,N
789,789,1JAN,1JAN0789,HISTORY,Creative Creative Industries,GLKB,2018-07-03,2020-09-09,2020-12-06,XRA,4,N,N,N
714,714,3ZEE,3ZEE0714,CLOSED,Alpha Strive Corp,HERA,2010-04-14,2020-12-05,2004-03-24,ZKV,0,Y,Y,N
696,696,1WXN,1WXN0696,ACTIVE,,VCKM,2011-06-08,2016-02-18,1990-06-27,XRA,2,Y,Y,Y
287,287,7ATV,7ATV0287,ACTIVE,Superior Impactful Networks,HAYQ,2002-05-08,,,ZKV,3,N,N,N
402,402,6AOH,6AOH0402,ACTIVE,Omega Future Solutions,WASB,2021-03-21,2022-10-20,2016-06-18,ZKV,4,Y,Y,Y
587,587,4WSI,4WSI0587,ACTIVE,Brilliant Global Enterprises,GLKB,2020-12-25,2021-01-17,,XRA,2,N,N,N
598,598,9BLQ,9BLQ0598,CLOSED,Tech Synergistic Solutions,HAYQ,2006-06-02,2017-01-07,2019-01-27,XRA,2,N,N,N
360,360,3HWF,5ZCF0346,ACTIVE,Mega Inspiration Enterprises,HAYQ,1998-07-25,2013-12-31,1998-07-16,TXS,1,Y,Y,Y
962,962,7ZLB,7ZLB0962,ACTIVE,Epic Precision Solutions,GLKB,2015-06-21,2020-04-10,,ZKV,1,N,N,N
791,791,2ZTS,2ZTS0791,ACTIVE,Excellent Advanced Enterprises,WASB,2006-08-20,2017-12-16,,TXS,5,N,N,N
677,677,9OXP,3IUU0439,ACTIVE,Innovative Vision Corp,GLKB,1995-07-17,2008-02-22,1990-02-05,TXS,4,Y,Y,Y
244,244,0MGZ,0MGZ0244,HISTORY,Infinite Strive Solutions,UANS,1990-06-08,1998-09-11,2007-12-18,ZKV,2,N,N,N
756,756,7AWI,1IRH0954,ACTIVE,Prime Dynamic Dynamics,HERA,2023-07-23,2023-09-05,,ZKV,2,N,N,N
842,842,8VOU,8VOU0842,ACTIVE,Alpha Evolution Corp,VBCW,2007-03-01,2007-10-01,,XRA,5,N,N,N
186,186,8QOK,8QOK0186,CLOSED,Brilliant Visionary Solutions,VBCW,1996-07-30,2003-08-20,2016-03-25,ZKV,3,N,N,N
525,525,0ASO,0ASO0525,ACTIVE,Global Progressive Corp,HERA,2003-01-29,2005-12-15,,XRA,4,N,N,N
487,487,2ESG,2ESG0487,ACTIVE,,YAKT,1991-07-23,2005-12-01,,TXS,3,N,N,N
936,936,3HXG,3HXG0936,ACTIVE,Alpha Revolutionary Solutions,GLKB,1995-06-28,2018-05-15,1992-07-26,TXS,1,Y,Y,Y
537,537,4VMV,7LKI0573,ACTIVE,Creative Strive Group,VBCW,2011-10-11,2012-04-10,2002-05-20,ZKV,4,Y,Y,Y
533,533,5DHE,5DHE0533,HISTORY,Pioneer Forward Group,HERA,2003-10-22,2005-06-15,2021-12-27,ZKV,3,N,N,N
287,287,0LUT,0LUT0287,ACTIVE,Elite Cutting-Edge Systems,VCKM,2023-04-21,2023-08-04,,ZKV,0,N,N,N
611,611,2AOZ,8RVG0014,ACTIVE,Dynamic Sustainable Consulting,XEXM,2016-05-14,2016-05-22,2013-03-22,ZKV,1,Y,Y,Y
570,570,9DFJ,1ELR0992,ACTIVE,Fusion Dynamic Group,HAYQ,2005-11-09,2012-03-01,,ZKV,0,N,N,N
228,228,5QRG,5QRG0228,ACTIVE,Alpha Visionary Systems,WASB,2018-02-13,2023-05-15,,XRA,3,N,N,N
97,97,9PRM,9PRM0097,ACTIVE,,VCKM,2023-02-07,2023-03-07,,TXS,0,N,N,N
797,797,0QGV,3HUD0850,ACTIVE,Strategic Revolutionary Enterprises,UANS,2010-10-20,2019-11-29,2006-02-18,XRA,4,Y,Y,Y
145,145,6MFJ,6MFJ0145,ACTIVE,Pioneer Synergistic Solutions,VBCW,2008-11-23,2010-06-12,,ZKV,2,N,N,N
566,566,1DJK,6RWT0543,ACTIVE,Creative Evolution Systems,GLKB,2022-01-16,2022-02-14,,TXS,4,N,N,N
380,380,8VOX,8VOX0380,ACTIVE,Alpha Synergistic Co,HERA,2003-11-13,2018-04-15,,TXS,1,N,N,N
850,850,3HUD,3HUD0850,HISTORY,,WASB,2007-08-09,2007-09-23,2020-08-31,XRA,0,N,N,N
831,831,9SSD,3TAF0126,ACTIVE,Infinite Synergy Solutions,UANS,1990-04-24,2006-07-15,,TXS,2,N,N,N
560,560,3QJO,1JSX0800,CLOSED,Flexible Dynamic Dynamics,WASB,2009-01-06,2009-05-02,2010-12-04,XRA,5,N,N,N
910,910,5QPG,5QPG0910,CLOSED,Prime Precision Technologies,HERA,1998-11-30,2019-07-11,2021-03-29,TXS,1,N,N,N
99,99,5LQL,9HBX0666,ACTIVE,Omega Vision Innovations,XEXM,2022-04-06,2022-05-11,,XRA,0,N,N,N
287,287,5EVG,5EVG0287,HISTORY,Excellent Impactful Industries,VCKM,1997-06-27,2008-12-27,2009-11-13,XRA,1,N,N,N
109,109,9KQJ,0YSB0536,ACTIVE,Brilliant Impactful Services,VBCW,2010-01-20,2015-11-16,,ZKV,5,N,N,N
923,923,8IIO,8IIO0923,ACTIVE,Ultimate Cutting-Edge Enterprises,XEXM,1998-10-12,2016-03-19,1998-08-31,TXS,0,Y,Y,Y
914,914,5DYL,4XKK0560,ACTIVE,,GLKB,2011-04-06,2022-11-27,,TXS,5,N,N,N
954,954,4TFK,8LLN0774,ACTIVE,Infinite Smart Solutions,VCKM,2005-06-29,2018-12-03,1991-06-11,XRA,4,Y,Y,Y
725,725,5DLZ,2GGI1000,ACTIVE,Tech Revolutionary Group,VCKM,2011-05-04,2013-10-13,,XRA,5,N,N,N
407,407,9NHE,9NHE0407,ACTIVE,Prime Digital Solutions,XEXM,2011-11-09,,,TXS,2,N,N,N
536,536,3FJT,3FJT0536,ACTIVE,,VCKM,1997-04-23,2022-11-07,,ZKV,2,N,N,N
405,405,8ETD,3HOR0691,ACTIVE,Prime Synergy Solutions,HERA,1994-05-04,2011-11-15,,XRA,0,N,N,N
938,938,9JTK,9JTK0938,ACTIVE,Elite Tech Services,VCKM,2018-07-01,2021-02-20,,XRA,3,N,N,N
254,254,6LEA,6LEA0254,HISTORY,Superior Strive Solutions,UANS,2003-11-30,2007-04-06,2023-08-28,XRA,1,N,N,N
296,296,8AEK,2MTW0987,ACTIVE,Excellent Precision Labs,VCKM,2013-11-17,2015-10-30,,XRA,4,N,N,N
128,128,2AEX,5RZC0809,ACTIVE,Omega Precision Labs,VBCW,1993-09-25,2010-11-24,,ZKV,0,N,N,N
322,322,5ERN,5ERN0322,ACTIVE,Tech Strategic Consulting,VCKM,2003-07-15,2014-10-19,,ZKV,1,N,N,N
807,807,3OPT,6IYY0439,ACTIVE,Flexible Progressive Systems,VCKM,1994-02-13,2004-02-13,1992-07-18,TXS,4,Y,Y,Y
124,124,3NNM,3NNM0124,ACTIVE,Ultimate Future Innovations,GLKB,1990-02-16,2000-02-16,,ZKV,4,N,N,N
353,353,9LMM,9LMM0353,ACTIVE,Mega Visionary Networks,HERA,1999-07-14,2003-08-09,,XRA,0,N,N,N
509,509,2DWX,2DWX0509,ACTIVE,Creative Strive Co,HAYQ,1995-03-19,2000-07-23,,XRA,5,N,N,N
167,167,0NVS,0NVS0167,ACTIVE,Global Ingenious Consulting,YAKT,2001-06-27,2010-11-07,,XRA,4,N,N,N
167,167,0OPA,0OPA0167,ACTIVE,Brilliant Transformative Solutions,UANS,2008-10-22,2020-12-07,,TXS,1,N,N,N
791,791,9XSJ,9XSJ0791,HISTORY,,XEXM,2007-01-22,2018-03-28,2022-07-15,ZKV,5,N,N,N
10,10,1PBS,1PBS0010,ACTIVE,,VCKM,1999-10-27,2022-10-21,,TXS,0,N,N,N
746,746,9STJ,9STJ0746,CLOSED,Vibrant Transformative Solutions,HAYQ,2003-08-30,2004-02-17,2013-02-08,TXS,0,N,N,N
36,36,9CJW,9LWT0461,ACTIVE,Diverse Smart Solutions,UANS,2019-11-17,,,TXS,4,N,N,N
256,256,1MKV,1MKV0256,HISTORY,Global Digital Solutions,HAYQ,1992-01-13,,1991-03-19,XRA,3,N,Y,N
25,25,6FXQ,6FXQ0025,CLOSED,Excellent Inspire Group,YAKT,2003-02-23,2020-06-20,2022-11-05,XRA,3,N,N,N
752,752,2SCM,2SCM0752,ACTIVE,Infinite Synergistic Consulting,HERA,2005-03-08,2017-12-27,,ZKV,1,N,N,N
716,716,4QWI,4QWI0716,ACTIVE,Proactive Digital Innovations,GLKB,2019-06-26,2022-09-11,,ZKV,4,N,N,N
881,881,3RIS,3RIS0881,ACTIVE,Proactive Revolutionary Enterprises,VCKM,2019-10-19,2021-08-06,2000-05-02,XRA,2,Y,Y,Y
88,88,9OVE,4ZFN0345,CLOSED,Apex First Enterprises,VCKM,2011-05-29,2021-08-11,1991-08-09,TXS,3,Y,Y,N
552,552,6RRP,7XIO0351,ACTIVE,Innovative Progressive Enterprises,VBCW,2017-09-09,2018-04-20,1991-08-11,ZKV,1,Y,Y,Y
936,936,3UQT,9NHE0407,ACTIVE,Creative Innovative Enterprises,GLKB,2022-07-27,2022-10-27,,ZKV,3,N,N,N
823,823,5LEO,5LEO0823,ACTIVE,,HERA,2023-06-17,2023-09-16,2006-10-02,ZKV,3,Y,Y,Y
455,455,4VRP,4VRP0455,HISTORY,Swift Ingenious Group,VBCW,2003-09-01,2003-10-21,2010-06-27,TXS,2,N,N,N
336,336,3RXL,8QEP0693,ACTIVE,Diverse Precision Innovations,VCKM,2002-11-08,2003-09-18,,XRA,4,N,N,N
565,565,1SUZ,9AFH0747,ACTIVE,Infinite Forward Enterprises,GLKB,2013-09-20,2019-08-27,,TXS,0,N,N,N
818,818,0NLL,0NLL0818,ACTIVE,Mega Tech Enterprises,VCKM,2008-04-30,2010-10-13,,TXS,2,N,N,N
258,258,5RQV,8MRV0492,ACTIVE,Fusion Visionary Group,XEXM,2015-11-24,2023-02-21,,ZKV,2,N,N,N
810,810,1AMH,1AMH0810,CLOSED,Prime Smart Networks,VBCW,2020-03-27,2021-01-15,2022-12-27,TXS,0,N,N,N
173,173,2MOU,7YRF0089,ACTIVE,,WASB,2021-01-24,2021-10-25,,ZKV,1,N,N,N
843,843,0IMV,0IMV0843,CLOSED,Tech Creative Enterprises,XEXM,2021-01-27,2023-11-09,2024-01-02,ZKV,3,N,N,N
7,7,2WAN,2WAN0007,CLOSED,Diverse Dynamic Technologies,VBCW,2008-11-27,2022-06-01,1998-07-09,ZKV,5,Y,Y,N
557,557,6EOV,6EOV0557,ACTIVE,Flexible Synergy Dynamics,UANS,1994-09-02,2000-07-29,,XRA,2,N,N,N
817,817,4NQV,4NQV0817,ACTIVE,Dynamic Strive Group,WASB,1994-08-03,1995-02-11,,XRA,1,N,N,N
333,333,1IWH,1IWH0333,ACTIVE,Apex Tech Enterprises,GLKB,2005-11-03,2019-01-21,,XRA,0,N,N,N
848,848,9DMI,9DMI0848,CLOSED,Superior Dynamic Solutions,UANS,2005-11-19,2009-02-10,2013-10-19,ZKV,4,N,N,N
907,907,2VTE,6DKP0312,ACTIVE,Omega Future Innovations,HAYQ,2016-05-28,2021-11-09,,XRA,2,N,N,N
729,729,7VGO,7VGO0729,ACTIVE,Epic Synergistic Enterprises,WASB,2021-03-22,2023-09-21,,ZKV,3,N,N,N
852,852,5LTM,5LTM0852,CLOSED,Strategic Inspiration Solutions,XEXM,1999-03-11,2009-07-24,2023-11-04,XRA,5,N,N,N
625,625,9HAG,9HAG0625,ACTIVE,Creative First Corp,YAKT,2000-08-25,2006-06-22,,ZKV,5,N,N,N
375,375,4MQA,6MFJ0145,ACTIVE,,XEXM,2016-03-14,2017-08-12,,ZKV,3,N,N,N
746,746,1STD,1STD0746,ACTIVE,Ultimate Innovative Group,VCKM,2016-08-13,2022-10-23,,ZKV,1,N,N,N
765,765,3ERA,3ERA0765,ACTIVE,Epic Strive Solutions,UANS,2005-08-29,2007-08-27,2002-08-04,ZKV,1,Y,Y,Y
994,994,7YLW,1IKV0319,ACTIVE,Fusion Revolutionary Technologies,UANS,2002-03-08,2009-07-06,,TXS,5,N,N,N
558,558,3HSH,8MGK0315,CLOSED,,HAYQ,2003-06-06,2008-05-01,2008-07-17,TXS,4,N,N,N
735,735,3ZNC,3ZNC0735,ACTIVE,Tech Vision Group,GLKB,1996-03-13,2011-02-13,,XRA,5,N,N,N
744,744,7MXO,7MXO0744,ACTIVE,,HAYQ,2009-11-23,2018-05-29,,TXS,5,N,N,N
57,57,3FAX,5OLI0208,ACTIVE,Pioneer Visionary Enterprises,YAKT,2022-07-14,2023-11-28,,TXS,2,N,N,N
734,734,7ZFC,7ZFC0734,ACTIVE,,WASB,2003-09-01,2005-07-31,,XRA,2,N,N,N
638,638,1FAZ,1ZNU0031,ACTIVE,Proactive Ingenious Innovations,WASB,2013-05-16,2023-11-07,,ZKV,0,N,N,N
723,723,0GNH,0GNH0723,ACTIVE,Innovative Ingenious Solutions,YAKT,2011-11-23,2014-01-14,,ZKV,4,N,N,N
498,498,9AIP,9AIP0498,ACTIVE,Mega Synergistic Labs,XEXM,2017-12-21,2021-05-14,,TXS,5,N,N,N
444,444,5HJT,3MKN0497,ACTIVE,,VBCW,1999-08-24,2018-07-23,1993-02-15,TXS,0,Y,Y,Y
775,775,1STE,1STE0775,ACTIVE,Ultimate Sustainable Labs,HAYQ,2008-10-26,2018-03-17,,TXS,4,N,N,N
998,998,3FLE,3FLE0998,ACTIVE,,VCKM,1991-08-17,2005-03-20,,ZKV,1,N,N,N
563,563,1QFB,0MCI0589,ACTIVE,Fusion Creative Consulting,WASB,1998-12-26,2023-05-13,,TXS,5,N,N,N
669,669,6GTB,6GTB0669,ACTIVE,,UANS,2013-07-31,2021-08-29,,XRA,4,N,N,N
30,30,1ADZ,1IKV0319,ACTIVE,Apex Cutting-Edge Technologies,YAKT,2012-05-13,2017-10-22,,TXS,1,N,N,N
530,530,6AUD,0LEX0507,ACTIVE,Strategic Strategic Enterprises,VBCW,2008-08-26,2015-05-30,,ZKV,1,N,N,N
6,6,1QCQ,1QCQ0006,CLOSED,Dynamic Synergistic Systems,VBCW,2016-09-28,2019-08-25,2023-05-15,XRA,4,N,N,N
305,305,8HTN,8EKC0162,HISTORY,Prime Sustainable Enterprises,YAKT,1993-02-14,2012-03-26,2021-07-11,XRA,4,N,N,N
604,604,1SUZ,1SUZ0604,ACTIVE,Apex Sustainable Enterprises,YAKT,2017-12-01,2024-01-10,,XRA,0,N,N,N
434,434,7MFZ,2ZVV0188,HISTORY,,HERA,2002-06-01,2016-02-03,2016-07-18,XRA,0,N,N,N
479,479,4JYY,4JYY0479,ACTIVE,Ultimate Ingenious Co,VBCW,2003-07-27,,,TXS,4,N,N,N
737,737,3HQR,3HQR0737,ACTIVE,,YAKT,2002-03-10,2003-10-09,,XRA,3,N,N,N
398,398,6RDK,6RDK0398,ACTIVE,Ultimate Synergy Enterprises,YAKT,1999-07-31,2021-08-19,,ZKV,1,N,N,N
183,183,4IFR,4IFR0183,ACTIVE,Omega Inspiration Networks,UANS,2013-07-19,2019-03-08,,ZKV,5,N,N,N
403,403,5GCN,0IMV0843,HISTORY,Mega Visionary Consulting,WASB,1997-08-19,2010-02-02,2020-01-27,TXS,1,N,N,N
984,984,0KKZ,0KKZ0984,ACTIVE,Excellent Global Ventures,WASB,1997-02-28,2003-11-12,1991-06-04,TXS,4,Y,Y,Y
121,121,0EXW,8QEP0693,ACTIVE,Creative Digital Corp,HERA,2002-05-13,2013-02-13,,TXS,2,N,N,N
461,461,5TBY,8RVG0014,ACTIVE,Creative Synergistic Services,WASB,2007-02-27,2012-02-22,,ZKV,0,N,N,N
346,346,7EIA,3FAN0533,ACTIVE,,WASB,2000-02-03,2005-07-21,1992-01-13,XRA,1,Y,Y,Y
815,815,7PDK,7PDK0815,ACTIVE,Infinite Visionary Enterprises,VBCW,2022-06-19,2023-04-13,,TXS,3,N,N,N
69,69,4OTS,9UVJ0691,ACTIVE,Prime Transformative Enterprises,XEXM,1991-09-18,2004-05-30,,XRA,5,N,N,N
748,748,5EXZ,5EXZ0748,ACTIVE,Acme Smart Solutions,HAYQ,2005-02-03,2011-09-28,,TXS,2,N,N,N
291,291,8HWX,7LJW0356,ACTIVE,Strategic Impactful Co,XEXM,2005-01-29,2006-08-08,,TXS,0,N,N,N
676,676,5RYT,5RYT0676,ACTIVE,Apex Inspire Technologies,HERA,2013-05-13,2021-10-22,,TXS,4,N,N,N
444,444,9NKO,1XZL0498,HISTORY,Tech Power Innovations,VBCW,2015-05-02,2015-11-24,2016-02-16,ZKV,2,N,N,N
347,347,6QUB,6QUB0347,ACTIVE,Alpha Inspiration Solutions,HAYQ,1996-10-28,2002-04-19,,ZKV,1,N,N,N
559,559,0JOQ,0JOQ0559,ACTIVE,Brilliant Sustainable Enterprises,UANS,1990-12-08,2006-05-26,,TXS,3,N,N,N
542,542,1DPY,1DPY0542,ACTIVE,Fusion Evolution Consulting,GLKB,1995-01-25,2015-07-18,,TXS,0,N,N,N
108,108,8CIA,9EQT0592,ACTIVE,Vibrant Visionary Enterprises,GLKB,1996-07-05,2014-11-28,,TXS,2,N,N,N
907,907,8ZQN,8ZQN0907,ACTIVE,Brilliant Impactful Enterprises,YAKT,1998-06-05,2003-11-18,,ZKV,0,N,N,N
508,508,5NPF,5NPF0508,ACTIVE,Visionary Evolve Enterprises,UANS,2011-01-05,2018-10-15,,ZKV,2,N,N,N
840,840,8KQL,2MTW0987,CLOSED,Excellent Innovative Systems,GLKB,2000-05-04,2013-09-26,2020-04-06,TXS,3,N,N,N
971,971,3IFB,3IFB0971,HISTORY,Brilliant Sustainable Innovations,XEXM,1995-04-09,2015-12-16,2019-05-21,ZKV,5,N,N,N
721,721,0WRJ,0WRJ0721,ACTIVE,Swift Smart Ventures,UANS,1998-11-10,2023-01-23,,XRA,3,N,N,N
116,116,5WPP,5WPP0116,ACTIVE,Ultimate Impactful Innovations,UANS,2003-09-01,2015-12-05,,TXS,2,N,N,N
921,921,9WDK,4UDZ0676,ACTIVE,Fusion Ingenious Enterprises,VBCW,2009-12-28,2021-10-26,,TXS,4,N,N,N
939,939,7ZMC,7ZMC0939,CLOSED,,VCKM,1995-02-01,1997-10-08,2010-09-25,ZKV,1,N,N,N
698,698,3WBO,3WBO0698,ACTIVE,Diverse Visionary Enterprises,WASB,2022-06-13,2023-05-04,,ZKV,5,N,N,N
196,196,1CJA,1XZL0498,ACTIVE,Apex Creative Innovations,WASB,2017-11-23,2020-12-23,,XRA,0,N,N,N
176,176,7HYI,6WZX0187,HISTORY,,HAYQ,2006-11-14,2009-01-28,1996-01-17,TXS,2,Y,Y,N
653,653,0JOT,6WAX0230,ACTIVE,Superior Strive Systems,HAYQ,2021-12-21,2023-04-13,,XRA,5,N,N,N
467,467,4YDY,6MFJ0145,ACTIVE,,UANS,2018-05-16,2022-08-05,2017-07-11,XRA,4,Y,Y,Y
956,956,7YKS,7YKS0956,ACTIVE,Alpha Ingenious Group,UANS,2017-04-21,2021-03-22,2010-07-27,XRA,0,Y,Y,Y
205,205,4SBR,5EEU0699,ACTIVE,Fusion Forward Consulting,YAKT,1999-08-12,2014-08-05,,TXS,0,N,N,N
624,624,7WQN,7WQN0624,ACTIVE,Elite Synergy Enterprises,XEXM,2020-08-15,2022-05-24,,XRA,3,N,N,N
461,461,9LWT,1ZNU0031,ACTIVE,Infinite Smart Solutions,YAKT,2012-01-28,2013-11-26,,ZKV,4,N,N,N
51,51,1XQK,1XQK0051,ACTIVE,Infinite Revolutionary Dynamics,HERA,2022-07-23,2022-12-30,,XRA,3,N,N,N
849,849,7JMA,7JMA0849,ACTIVE,Fusion Forward Technologies,HERA,2012-02-01,2017-12-26,,XRA,3,N,N,N
616,616,9LIZ,9LIZ0616,ACTIVE,Diverse Synergy Industries,VCKM,2018-05-18,2018-07-14,,ZKV,0,N,N,N
950,950,2YEF,2HCD0545,ACTIVE,,YAKT,2006-10-21,2007-04-05,,ZKV,1,N,N,N
800,800,1JSX,1JSX0800,ACTIVE,Infinite Strategic Group,HAYQ,1996-09-27,2000-07-21,,TXS,4,N,N,N
774,774,3ARO,3ARO0774,CLOSED,Alpha Creative Solutions,VCKM,2017-06-29,2018-02-09,2022-12-06,ZKV,3,N,N,N
377,377,1NMS,1NMS0377,HISTORY,Pioneer Transformative Networks,HAYQ,2021-03-31,2023-05-28,2023-11-18,ZKV,1,N,N,N
140,140,5QOQ,5QOQ0140,ACTIVE,Superior Vision Solutions,HERA,2003-01-29,2013-08-25,2002-08-31,TXS,3,Y,Y,Y
740,740,0HLO,0HLO0740,ACTIVE,Swift Tech Enterprises,UANS,2004-05-27,2021-08-26,,XRA,2,N,N,N
550,550,1YER,2KMH0627,ACTIVE,,WASB,2020-02-13,2023-12-09,,TXS,0,N,N,N
146,146,5OGV,5OGV0146,ACTIVE,Apex Strive Ventures,HAYQ,2008-06-19,,,TXS,4,N,N,N
44,44,6OLS,7KAW0243,ACTIVE,Diverse Forward Consulting,VBCW,2000-09-30,2005-01-12,,XRA,4,N,N,N
561,561,7IDU,9HOQ0683,ACTIVE,Alpha Evolve Innovations,UANS,2014-06-23,2018-03-12,,TXS,5,N,N,N
731,731,4ECK,4ECK0731,ACTIVE,Pioneer Digital Innovations,HERA,1998-09-11,2023-09-30,,XRA,0,N,N,N
802,802,0LCW,0LCW0802,ACTIVE,Global Global Dynamics,HAYQ,1996-01-05,2020-02-04,,ZKV,3,N,N,N
794,794,6LBV,6LBV0794,HISTORY,Mega Advanced Enterprises,HAYQ,2009-01-10,2020-04-17,2022-10-11,TXS,4,N,N,N
987,987,2MTW,2MTW0987,ACTIVE,Superior Digital Group,VBCW,2012-07-13,2019-09-12,2001-05-27,ZKV,1,Y,Y,Y
430,430,1SIE,1SIE0430,ACTIVE,Strategic Synergistic Solutions,HERA,2006-07-18,2019-07-30,,TXS,1,N,N,N
830,830,2EMY,1JSX0800,CLOSED,Flexible Digital Ventures,UANS,2003-08-24,2018-07-30,2023-01-13,XRA,2,N,N,N
380,380,2ALN,2ACP0703,HISTORY,Tech Inspiration Group,VBCW,2012-11-14,2016-04-07,2018-05-30,TXS,2,N,N,N
500,500,5HTS,5HTS0500,ACTIVE,Apex Revolutionary Technologies,HAYQ,2021-07-15,2022-03-02,2009-12-29,TXS,5,Y,Y,Y
332,332,2TNQ,0LCW0802,CLOSED,Brilliant Smart Dynamics,HERA,1996-08-02,2003-11-12,2019-02-13,TXS,2,N,N,N
455,455,9BRZ,9BRZ0455,CLOSED,Pioneer Creative Enterprises,GLKB,2017-04-03,2019-07-10,2019-10-09,ZKV,2,N,N,N
636,636,0CUI,0CUI0636,ACTIVE,Epic Revolutionary Industries,XEXM,2006-04-06,2020-11-08,,XRA,3,N,N,N
470,470,6STC,3LMR0790,ACTIVE,Dynamic Global Enterprises,UANS,1992-06-18,1998-05-02,1990-02-04,TXS,3,Y,Y,Y
525,525,5MUW,1JOH0344,ACTIVE,Global Cutting-Edge Technologies,VBCW,1990-08-06,2017-08-25,,TXS,3,N,N,N
404,404,8EMO,0CUI0636,ACTIVE,Visionary Tech Solutions,XEXM,2003-12-08,2020-01-23,,XRA,2,N,N,N
449,449,9ODT,9ODT0449,ACTIVE,Ultimate Innovative Networks,XEXM,2021-05-04,2022-06-26,,ZKV,0,N,N,N
343,343,3WSL,2DKM0400,ACTIVE,Epic Sustainable Enterprises,XEXM,2016-02-18,2021-06-15,,ZKV,2,N,N,N
172,172,8SUG,1GEZ0255,ACTIVE,Fusion Innovative Technologies,VBCW,2023-05-19,2024-01-22,2012-05-28,TXS,4,Y,Y,Y
481,481,3ICJ,3ICJ0481,CLOSED,Apex First Corp,VBCW,2020-03-25,2023-09-20,2023-09-27,TXS,5,N,N,N
540,540,3QKF,3QKF0540,HISTORY,Brilliant Progressive Solutions,HERA,2003-05-18,2012-09-17,2019-03-24,XRA,1,N,N,N
157,157,2KBE,2KBE0157,CLOSED,Omega Synergistic Corp,HAYQ,2018-04-08,2021-03-27,2022-07-10,XRA,3,N,N,N
277,277,9IAG,9IAG0277,ACTIVE,Global Evolve Enterprises,HERA,2008-12-14,2016-09-12,,TXS,5,N,N,N
61,61,1VMV,1VMV0061,ACTIVE,,UANS,2008-03-26,2023-10-18,,ZKV,0,N,N,N
60,60,0JFF,0JFF0060,ACTIVE,Visionary Strive Group,VCKM,2013-06-19,2021-12-18,,TXS,1,N,N,N
241,241,9JOV,2APF0289,ACTIVE,Dynamic Evolve Group,YAKT,2017-10-28,2021-04-06,,ZKV,1,N,N,N
829,829,8BDW,8BDW0829,ACTIVE,Innovative Transformative Solutions,VCKM,2016-11-10,2020-08-19,1999-03-17,ZKV,2,Y,Y,Y
97,97,6PGJ,6PGJ0097,ACTIVE,Acme Creative Dynamics,WASB,2016-02-27,2019-02-24,1993-08-08,TXS,1,Y,Y,Y
289,289,1ORA,1ORA0289,ACTIVE,Acme Synergistic Enterprises,VBCW,2020-06-01,2023-11-16,,ZKV,2,N,N,N
84,84,4GJA,4GJA0084,ACTIVE,Vibrant Synergistic Consulting,VCKM,2020-04-14,2020-09-16,,XRA,5,N,N,N
997,997,6AQP,6AQP0997,CLOSED,Infinite Cutting-Edge Consulting,XEXM,2001-03-05,2006-05-13,2022-10-10,XRA,2,N,N,N
715,715,8GER,8UZR0040,ACTIVE,Alpha Power Group,VCKM,2008-11-27,2020-12-26,,ZKV,0,N,N,N
498,498,8POO,8RVG0014,ACTIVE,Creative Strive Innovations,VBCW,2021-05-23,2024-01-06,,ZKV,4,N,N,N
208,208,5OLI,5OLI0208,ACTIVE,Strategic Inspiration Enterprises,YAKT,1995-04-19,1998-02-04,,ZKV,3,N,N,N
503,503,3XKP,5OLI0208,ACTIVE,,YAKT,2009-05-28,2014-08-23,,TXS,4,N,N,N
553,553,4RRH,4RRH0553,ACTIVE,Fusion Transformative Group,GLKB,2016-08-31,2019-10-26,2016-06-25,TXS,2,Y,Y,Y
830,830,0BAJ,0BAJ0830,CLOSED,Infinite Visionary Solutions,XEXM,2002-09-18,2007-03-13,2018-03-02,XRA,3,N,N,N
512,512,3YMO,4ZFN0345,ACTIVE,Vibrant Cutting-Edge Systems,HAYQ,2014-02-21,2021-11-14,,XRA,3,N,N,N
530,530,5UBL,3HOR0691,CLOSED,Brilliant Strategic Consulting,HAYQ,1990-12-11,1994-06-14,1995-07-12,TXS,3,N,N,N
152,152,3NCY,3NCY0152,ACTIVE,Dynamic Global Enterprises,XEXM,2022-03-06,2022-04-17,,ZKV,4,N,N,N
982,982,6WFE,5NZM0848,ACTIVE,Epic Forward Systems,VBCW,2013-03-19,2021-08-21,,TXS,2,N,N,N
555,555,0JOQ,0JOQ0555,ACTIVE,Acme Tech Enterprises,VBCW,2016-03-07,2020-06-04,,XRA,1,N,N,N
602,602,9URB,9URB0602,CLOSED,Global Power Group,WASB,1995-05-29,2007-11-26,2015-07-22,TXS,3,N,N,N
395,395,1VGY,1VGY0395,HISTORY,Elite Cutting-Edge Solutions,YAKT,2005-04-19,2013-03-27,2018-10-01,TXS,1,N,N,N
415,415,6DJF,5JUJ0852,ACTIVE,Strategic Digital Innovations,VBCW,1991-07-24,2006-03-25,,ZKV,3,N,N,N
121,121,1GIL,7OMI0776,ACTIVE,Infinite Progressive Enterprises,XEXM,1990-12-09,2020-09-05,,ZKV,0,N,N,N
749,749,3KWQ,3QKF0540,ACTIVE,Strategic Ingenious Technologies,VCKM,1998-09-03,2021-03-25,,XRA,4,N,N,N
105,105,4UGT,4UGT0105,ACTIVE,Innovative Smart Technologies,VBCW,2008-01-30,2023-04-03,1996-05-08,TXS,4,Y,Y,Y
403,403,6PRR,6PRR0403,ACTIVE,Infinite Inspiration Technologies,XEXM,1994-03-30,2016-08-07,,TXS,3,N,N,N
709,709,6UHK,6UHK0709,ACTIVE,Brilliant Strategic Group,GLKB,2002-06-27,2017-01-26,,TXS,1,N,N,N
848,848,0GYN,9NHE0407,CLOSED,Mega Visionary Technologies,VBCW,2022-09-30,2023-04-09,2023-07-31,ZKV,2,N,N,N
592,592,9EQT,9EQT0592,HISTORY,Alpha Power Enterprises,GLKB,2003-10-24,2012-07-25,2018-01-29,ZKV,4,N,N,N
961,961,5QOE,1NBS0604,ACTIVE,,WASB,2011-04-16,2018-12-05,,XRA,5,N,N,N
602,602,9FWR,9FWR0602,CLOSED,Elite Ingenious Consulting,XEXM,2015-01-02,2023-11-18,2024-01-07,TXS,0,N,N,N
181,181,6IGG,6IGG0181,ACTIVE,Visionary Revolutionary Enterprises,UANS,2001-03-16,2002-03-26,1993-06-15,ZKV,1,Y,Y,Y
34,34,4PUJ,4PUJ0034,ACTIVE,Proactive Evolution Enterprises,UANS,1993-02-21,2000-05-27,,TXS,4,N,N,N
177,177,2MZP,2MZP0177,HISTORY,Proactive Impactful Enterprises,VCKM,1991-09-14,2016-08-07,2022-12-19,XRA,5,N,N,N
725,725,2GCO,2GCO0725,ACTIVE,Tech Transformative Consulting,XEXM,1991-01-09,,,ZKV,0,N,N,N
400,400,2DKM,1LTR0627,ACTIVE,Proactive Synergy Enterprises,HAYQ,2020-05-16,2021-07-19,,ZKV,3,N,N,N
410,410,8DEQ,8DEQ0410,ACTIVE,Diverse Forward Solutions,UANS,2008-11-08,2022-05-16,,TXS,4,N,N,N
673,673,3PPB,3JJR0284,ACTIVE,Tech Vision Technologies,YAKT,2000-03-19,2012-02-16,,XRA,2,N,N,N
546,546,2MWS,2MWS0546,HISTORY,Superior Innovative Consulting,WASB,2010-08-07,2023-12-08,2024-01-13,TXS,4,N,N,N
747,747,9AFH,9AFH0747,ACTIVE,Innovative Inspiration Solutions,XEXM,1994-05-01,2000-07-27,,ZKV,1,N,N,N
351,351,7XIO,2NNO0710,ACTIVE,Omega Future Enterprises,WASB,2008-11-11,2020-05-23,2006-09-13,ZKV,5,Y,Y,Y
312,312,0EHA,0EHA0312,ACTIVE,Proactive Advanced Industries,HAYQ,2024-01-27,2024-01-27,,TXS,0,N,N,N
859,859,5WLR,0LEX0507,ACTIVE,Prime Cutting-Edge Technologies,VBCW,1990-08-20,2003-03-17,,XRA,5,N,N,N
799,799,6MAD,6MAD0799,ACTIVE,Excellent First Corp,XEXM,2003-03-20,2017-10-29,,ZKV,5,N,N,N
1000,1000,2GGI,2GGI1000,ACTIVE,Swift Ingenious Dynamics,VBCW,2011-10-28,2013-04-06,,TXS,0,N,N,N
312,312,6DKP,6DKP0312,HISTORY,Alpha Forward Labs,HERA,2007-04-11,2017-01-17,2018-11-18,ZKV,0,N,N,N
618,618,2YOP,2YOP0618,ACTIVE,Visionary Precision Enterprises,GLKB,1990-10-19,2023-11-03,,ZKV,4,N,N,N
970,970,8XMS,9BRZ0455,ACTIVE,Alpha Strive Networks,VCKM,2007-05-08,2012-02-01,,XRA,4,N,N,N
131,131,9LMN,6PRR0403,ACTIVE,Diverse Cutting-Edge Enterprises,WASB,2005-03-28,2013-03-13,,XRA,3,N,N,N
277,277,7YNE,7YNE0277,ACTIVE,Alpha Transformative Enterprises,GLKB,1998-03-03,2010-12-18,,XRA,2,N,N,N
545,545,7RWE,7RWE0545,HISTORY,Tech Inspiration Consulting,HAYQ,1997-10-16,2018-09-17,2021-08-05,XRA,2,N,N,N
359,359,6GDI,6GDI0359,ACTIVE,Proactive Transformative Dynamics,UANS,1998-03-25,2019-08-07,,TXS,2,N,N,N
836,836,0OJG,0OJG0836,ACTIVE,Infinite Dynamic Systems,XEXM,2018-04-04,2018-10-15,,XRA,5,N,N,N
470,470,8AKC,0OPA0167,ACTIVE,Fusion Progressive Enterprises,YAKT,2001-09-03,,,ZKV,2,N,N,N
758,758,4EYY,4EYY0758,ACTIVE,Fusion Precision Services,HAYQ,1992-04-11,1999-09-18,,XRA,4,N,N,N
494,494,4MTE,4MTE0494,ACTIVE,Innovative Synergistic Labs,UANS,2002-08-01,2012-09-02,,TXS,5,N,N,N
59,59,2WLY,4VMV0537,ACTIVE,Innovative Revolutionary Ventures,XEXM,2001-01-03,2013-11-25,1992-06-24,XRA,1,Y,Y,Y
259,259,8RPB,3HQR0737,ACTIVE,,HERA,2020-10-13,2023-08-23,,TXS,4,N,N,N
472,472,8XBQ,8XBQ0472,ACTIVE,Innovative Global Consulting,UANS,2017-01-30,2018-07-27,1993-02-07,ZKV,1,Y,Y,Y
512,512,5VPK,5VPK0512,ACTIVE,Apex Future Solutions,UANS,2011-03-10,2020-01-21,,TXS,4,N,N,N
578,578,4WYH,4WYH0578,ACTIVE,Tech Dynamic Enterprises,VCKM,2003-02-06,2008-03-27,,ZKV,3,N,N,N
458,458,3DII,7NSU0946,ACTIVE,Visionary Revolutionary Enterprises,UANS,2001-03-03,,,XRA,5,N,N,N
817,817,3WVJ,3WVJ0817,CLOSED,Visionary First Solutions,UANS,2013-03-16,2018-04-23,2023-01-17,TXS,5,N,N,N
73,73,1HPN,8BDW0829,CLOSED,Superior Future Enterprises,HERA,2004-07-14,2021-11-13,2023-05-26,ZKV,0,N,N,N
946,946,2AWN,3GSL0552,ACTIVE,Vibrant Innovative Enterprises,HERA,2019-05-12,2023-05-01,,ZKV,5,N,N,N
852,852,5JUJ,5JUJ0852,ACTIVE,Strategic Progressive Enterprises,GLKB,2023-09-24,2023-11-04,,TXS,3,N,N,N
923,923,7TIS,7TIS0923,ACTIVE,Ultimate Dynamic Technologies,VBCW,2022-12-23,2023-12-25,,XRA,2,N,N,N
273,273,0DMN,0DMN0273,ACTIVE,Pioneer Inspire Services,GLKB,1992-10-04,2000-01-13,,TXS,2,N,N,N
497,497,3MKN,3MKN0497,ACTIVE,Alpha Synergistic Networks,WASB,2003-07-28,2019-12-12,,XRA,2,N,N,N
598,598,2ECV,2ECV0598,ACTIVE,Elite Revolutionary Solutions,VCKM,2006-12-21,2020-08-16,,TXS,2,N,N,N
184,184,2XOB,8MGK0315,ACTIVE,Proactive Dynamic Innovations,VBCW,2023-08-20,2023-11-19,,TXS,4,N,N,N
350,350,3UKR,3UKR0350,HISTORY,Fusion Dynamic Technologies,GLKB,1996-10-21,2020-12-12,2022-06-27,TXS,4,N,N,N
848,848,5NZM,5NZM0848,ACTIVE,Apex Future Group,XEXM,2011-08-13,2023-08-13,2007-05-11,ZKV,0,Y,Y,Y
238,238,4TAC,0WRJ0721,ACTIVE,Visionary Synergy Solutions,WASB,1996-02-01,2019-10-31,,ZKV,1,N,N,N
590,590,4BAG,4BAG0590,ACTIVE,Global Visionary Co,WASB,2019-02-26,2019-03-10,,ZKV,3,N,N,N
457,457,1OQD,2CZR0918,ACTIVE,Fusion Dynamic Labs,GLKB,2013-04-27,2017-11-21,,ZKV,2,N,N,N
143,143,0VHG,8UXV0890,ACTIVE,,VBCW,2006-06-07,2016-05-25,,TXS,1,N,N,N
315,315,4LJX,5SZD0492,ACTIVE,Global Strive Labs,WASB,2015-04-22,2016-03-25,,ZKV,3,N,N,N
817,817,1EVW,1EVW0817,HISTORY,Tech Inspire Technologies,XEXM,2014-09-29,2023-05-10,2023-07-28,TXS,3,N,N,N
619,619,1TUP,0GGP0236,ACTIVE,Proactive Cutting-Edge Ventures,XEXM,1997-02-12,2004-02-29,,XRA,3,N,N,N
551,551,8MKK,8MKK0551,ACTIVE,,HAYQ,1991-09-20,2009-04-11,1990-05-04,TXS,3,Y,Y,Y
799,799,3HOX,3HOX0799,CLOSED,Visionary Future Solutions,GLKB,2016-10-10,2020-02-15,2022-02-17,ZKV,1,N,N,N
821,821,4IVB,4ZFN0345,CLOSED,,GLKB,1994-07-25,2015-11-17,2022-02-21,ZKV,3,N,N,N
592,592,4BSD,4BSD0592,ACTIVE,Prime Transformative Innovations,HAYQ,2019-06-15,2024-01-10,2011-01-26,ZKV,3,Y,Y,Y
238,238,1GYF,1DEU0295,ACTIVE,Flexible Future Technologies,HERA,2010-01-11,2016-10-13,,ZKV,3,N,N,N
507,507,0LEX,0LEX0507,ACTIVE,Superior Dynamic Industries,GLKB,2017-09-10,2017-11-24,,TXS,4,N,N,N
24,24,9JDQ,9JDQ0024,CLOSED,Tech Transformative Systems,HAYQ,2005-08-15,2018-04-01,2023-11-25,TXS,3,N,N,N
384,384,8VTB,8VTB0384,ACTIVE,Alpha Global Co,UANS,2023-04-07,2023-05-12,,TXS,3,N,N,N
339,339,6IDJ,7FZI0281,ACTIVE,,VBCW,2022-08-01,2024-01-18,,XRA,5,N,N,N
650,650,9QOD,5WKS0943,ACTIVE,Innovative Impactful Consulting,WASB,2013-03-21,2014-10-04,,TXS,3,N,N,N
188,188,2ZVV,2ZVV0188,ACTIVE,Innovative Power Enterprises,VBCW,2006-01-03,2012-07-03,,ZKV,0,N,N,N
7,7,8DWB,8DWB0007,ACTIVE,Innovative Tech Group,VCKM,2017-08-31,2023-08-28,,TXS,2,N,N,N
408,408,8FRV,5NPF0508,ACTIVE,Pioneer Sustainable Systems,GLKB,2000-10-26,,,XRA,3,N,N,N
9,9,8YUY,8YUY0009,ACTIVE,,HAYQ,1991-04-26,2016-07-28,,XRA,1,N,N,N
588,588,2VLE,2ALN0380,HISTORY,Apex Visionary Enterprises,WASB,2023-09-09,2023-09-28,2023-10-13,TXS,1,N,N,N
119,119,0GWT,0GWT0119,ACTIVE,Proactive Advanced Networks,HAYQ,1994-04-18,2009-08-31,,XRA,1,N,N,N
434,434,6ZAC,6ZAC0434,HISTORY,Dynamic Evolve Systems,VCKM,2009-12-13,2020-05-15,2020-06-21,TXS,4,N,N,N
178,178,0JZV,0JZV0178,ACTIVE,Mega Future Corp,HAYQ,2009-01-27,2022-08-13,,TXS,4,N,N,N
588,588,0RQU,0RQU0588,ACTIVE,Fusion Dynamic Industries,YAKT,1995-03-24,2000-08-17,,TXS,0,N,N,N
789,789,4VUI,4VUI0789,ACTIVE,Brilliant Inspiration Innovations,HERA,2010-05-07,2016-07-01,,XRA,4,N,N,N
985,985,9KYS,9KYS0985,ACTIVE,Innovative Creative Solutions,UANS,2023-06-25,2023-10-20,,ZKV,5,N,N,N
849,849,0CZG,0CZG0849,ACTIVE,Brilliant Forward Industries,HERA,2012-02-06,2020-10-05,1999-10-31,ZKV,1,Y,Y,Y
64,64,9IGD,9IGD0064,HISTORY,Fusion Digital Enterprises,YAKT,2013-07-08,2023-12-03,2023-12-29,ZKV,2,N,N,N
592,592,1UNX,1UNX0592,ACTIVE,Infinite Forward Enterprises,VBCW,2022-12-09,2023-08-31,,ZKV,5,N,N,N
576,576,7OCC,7OCC0576,ACTIVE,Elite Creative Group,WASB,1990-12-11,2008-10-23,,TXS,3,N,N,N
87,87,7XWF,6INB0879,ACTIVE,,VCKM,2006-10-16,2023-10-11,,TXS,2,N,N,N
444,444,6LKK,8MRV0492,ACTIVE,Swift Synergistic Enterprises,VCKM,2023-05-26,2023-07-04,,TXS,4,N,N,N
470,470,0LPZ,0LPZ0470,CLOSED,Creative Future Group,HAYQ,2003-09-25,,2002-09-09,ZKV,3,N,Y,N
940,940,3PPE,2VTE0907,CLOSED,Swift Vision Group,GLKB,2014-04-12,2016-02-13,2022-12-01,ZKV,0,N,N,N
628,628,8CUQ,1AHT0982,CLOSED,Ultimate Inspiration Services,VCKM,1993-07-30,2006-01-15,2008-04-17,ZKV,5,N,N,N
298,298,8PSB,8PSB0298,ACTIVE,Excellent Inspire Solutions,UANS,2001-12-15,2008-01-08,,ZKV,4,N,N,N
996,996,3NNS,1SRV0278,ACTIVE,Infinite Power Enterprises,HERA,2017-09-10,2024-01-12,1998-01-07,XRA,4,Y,Y,Y
89,89,7YRF,7YRF0089,ACTIVE,,HERA,2024-01-12,,,ZKV,5,N,N,N
848,848,7BPN,7BPN0848,ACTIVE,,VCKM,1997-05-31,2019-01-20,1996-07-04,ZKV,3,Y,Y,Y
627,627,7QYU,3ZEV0639,ACTIVE,Proactive Power Co,WASB,1995-10-24,2008-05-01,,TXS,4,N,N,N
427,427,2SAT,2SAT0427,HISTORY,Apex Visionary Corp,VCKM,2021-05-06,2023-12-08,2023-12-25,XRA,3,N,N,N
832,832,2BKX,2BKX0832,CLOSED,Innovative First Enterprises,GLKB,2006-03-06,2017-06-14,2022-02-05,TXS,5,N,N,N
168,168,1LTZ,1LTZ0168,HISTORY,,UANS,2022-04-16,2023-02-26,2023-11-18,TXS,1,N,N,N
952,952,1BHK,4HDZ0141,ACTIVE,Innovative Digital Systems,WASB,2009-08-26,2019-12-14,,ZKV,1,N,N,N
639,639,3ZEV,3ZEV0639,ACTIVE,Innovative Dynamic Enterprises,YAKT,1990-03-01,2019-07-20,,TXS,3,N,N,N
250,250,8KKV,8KKV0250,ACTIVE,Swift Dynamic Group,VBCW,2003-10-09,2008-10-13,,XRA,3,N,N,N
476,476,5SHH,5SHH0476,ACTIVE,Ultimate Synergistic Innovations,UANS,1998-06-28,,,XRA,4,N,N,N
516,516,2AKU,2AKU0516,ACTIVE,Creative Synergistic Enterprises,XEXM,2001-01-26,2004-06-10,,ZKV,0,N,N,N
992,992,1ELR,1ELR0992,ACTIVE,Infinite Dynamic Solutions,WASB,2022-09-12,2024-01-06,,TXS,2,N,N,N
724,724,8HBM,8HBM0724,ACTIVE,Apex Forward Innovations,HAYQ,1995-11-01,2001-02-06,1990-08-23,XRA,1,Y,Y,Y
632,632,8POP,8POP0632,HISTORY,Global Digital Enterprises,VCKM,2014-03-14,2014-10-22,2023-05-06,ZKV,0,N,N,N
869,869,8SUQ,8SUQ0869,ACTIVE,Tech Impactful Industries,HERA,1990-10-23,2009-07-12,,XRA,5,N,N,N
833,833,9IIG,9IIG0833,ACTIVE,Flexible Inspiration Group,HERA,2009-12-07,2012-12-20,,TXS,4,N,N,N
908,908,4XUJ,7XJE0796,ACTIVE,Prime Creative Consulting,VCKM,2014-03-02,2017-03-30,,ZKV,1,N,N,N
981,981,5WRB,5WRB0981,CLOSED,,YAKT,2022-02-01,2023-12-14,2023-12-31,TXS,3,N,N,N
110,110,7OEG,1RYA0767,ACTIVE,Tech Future Co,VBCW,2010-12-23,2022-05-04,,ZKV,2,N,N,N
828,828,5PPE,5PPE0828,ACTIVE,Tech Evolve Technologies,XEXM,2009-08-01,2014-04-14,,TXS,0,N,N,N
523,523,7KDZ,7BTG0464,ACTIVE,Infinite Cutting-Edge Labs,UANS,2003-07-20,2014-07-09,,ZKV,0,N,N,N
383,383,0ZMR,0ZMR0383,ACTIVE,,VCKM,2002-06-27,2007-10-31,,XRA,2,N,N,N
63,63,7KOK,7KOK0063,ACTIVE,Proactive Strive Technologies,WASB,2022-09-25,2023-04-02,1993-10-21,ZKV,1,Y,Y,Y
995,995,0LCF,0LCF0995,CLOSED,Omega Forward Ventures,XEXM,2013-05-09,2019-10-17,2002-08-19,ZKV,5,Y,Y,N
295,295,1DEU,2MTW0987,ACTIVE,Global Dynamic Enterprises,WASB,2021-07-14,2021-09-12,,ZKV,4,N,N,N
855,855,1ZJV,3ZRP0511,HISTORY,Global Power Group,UANS,2004-09-04,,2022-09-08,TXS,3,N,N,N
966,966,0WXV,0WXV0966,HISTORY,Apex Digital Enterprises,WASB,2008-07-24,2009-07-22,1995-10-13,ZKV,4,Y,Y,N
850,850,9RFG,9RFG0850,HISTORY,Omega Vision Enterprises,YAKT,2015-02-07,2022-04-15,2023-12-26,TXS,0,N,N,N
917,917,4CXR,8FRV0408,CLOSED,,YAKT,1994-08-12,2024-01-26,2024-01-28,TXS,3,N,N,N
542,542,0RLZ,9KYS0985,ACTIVE,Proactive Dynamic Enterprises,XEXM,2021-02-13,2021-08-27,,XRA,2,N,N,N
658,658,5HTC,5HTC0658,ACTIVE,Acme Tech Enterprises,VBCW,2016-06-26,2017-12-26,,TXS,5,N,N,N
146,146,7NZF,7NZF0146,ACTIVE,Elite Visionary Enterprises,VCKM,1991-05-02,,,TXS,3,N,N,N
964,964,0BZK,0WJC0202,CLOSED,Flexible Tech Solutions,XEXM,2023-06-15,2023-08-28,2023-10-15,TXS,5,N,N,N
122,122,2KAE,4JYY0479,ACTIVE,Brilliant Innovative Solutions,WASB,2001-09-17,,,ZKV,2,N,N,N
796,796,7XJE,7XJE0796,CLOSED,,VCKM,2018-06-09,,2020-10-21,TXS,0,N,N,N
6,6,6RVF,4FEE0867,HISTORY,Mega Creative Technologies,HAYQ,2022-10-31,2022-11-27,2023-07-09,XRA,2,N,N,N
718,718,9BEQ,9BEQ0718,HISTORY,Visionary First Services,HAYQ,2009-04-26,2009-07-06,2013-10-26,ZKV,5,N,N,N
93,93,4YBA,4YBA0093,ACTIVE,Prime Visionary Enterprises,VCKM,1999-12-09,2023-07-16,,TXS,5,N,N,N
955,955,7FZG,6WAX0230,HISTORY,Infinite Future Technologies,HERA,1991-02-15,2019-02-08,2019-11-29,ZKV,2,N,N,N
383,383,1HVI,2ZZR0031,ACTIVE,Excellent Tech Solutions,WASB,2010-04-09,2020-02-01,,XRA,2,N,N,N
209,209,5FZE,3TTZ0002,HISTORY,Ultimate Forward Solutions,VCKM,2018-06-21,2023-03-15,2023-06-27,TXS,0,N,N,N
315,315,0BPV,0BPV0315,HISTORY,Prime Sustainable Consulting,HAYQ,2018-09-04,,2023-05-30,TXS,2,N,N,N
823,823,5QAW,5GCN0403,ACTIVE,,VBCW,2000-11-21,2009-02-25,,TXS,0,N,N,N
292,292,8RFD,8RFD0292,ACTIVE,Tech Revolutionary Solutions,VCKM,2018-03-11,2018-12-28,,ZKV,1,N,N,N
484,484,8BQQ,8BQQ0484,ACTIVE,Superior Synergistic Consulting,VCKM,2019-08-28,2023-01-27,,XRA,3,N,N,N
362,362,5GUV,4JYY0479,HISTORY,Pioneer Precision Corp,HAYQ,2007-09-02,,2012-01-14,ZKV,2,N,N,N
141,141,4HDZ,6PRR0403,ACTIVE,Brilliant Inspiration Technologies,XEXM,2014-03-13,2022-01-25,,XRA,2,N,N,N
235,235,3FNE,3FNE0235,ACTIVE,Elite Impactful Innovations,YAKT,1994-07-08,2016-06-16,1990-08-17,XRA,2,Y,Y,Y
529,529,3BCP,3BCP0529,ACTIVE,Diverse Tech Solutions,YAKT,1991-10-23,1998-05-29,,ZKV,5,N,N,N
492,492,0KET,1FYH0642,ACTIVE,Fusion Future Solutions,HAYQ,2023-09-23,2023-10-26,,ZKV,2,N,N,N
745,745,6AZE,6AZE0745,ACTIVE,Ultimate Global Enterprises,HERA,1995-12-17,2017-05-17,,ZKV,1,N,N,N
727,727,5ZFR,5ZFR0727,HISTORY,,VCKM,2017-02-06,2020-07-03,2022-10-21,ZKV,2,N,N,N
774,774,0QOZ,5BSO0691,ACTIVE,Fusion Transformative Innovations,GLKB,2005-11-05,2006-03-02,,XRA,0,N,N,N
520,520,1IFR,8XBE0600,ACTIVE,Prime Digital Enterprises,YAKT,2007-05-31,2018-11-29,2000-03-07,ZKV,1,Y,Y,Y
726,726,5FZP,0JOT0653,ACTIVE,Infinite Evolve Enterprises,UANS,2004-09-07,2006-09-06,,ZKV,2,N,N,N
598,598,4HHR,4HHR0598,ACTIVE,Prime Inspire Group,UANS,2009-03-17,2011-10-18,,ZKV,0,N,N,N
582,582,2RNH,7ZFC0734,ACTIVE,Excellent Synergy Enterprises,HAYQ,2005-10-20,2012-01-17,,TXS,2,N,N,N
949,949,5TAD,5TAD0949,ACTIVE,Ultimate Inspiration Enterprises,WASB,1992-08-26,2003-11-05,,XRA,2,N,N,N
252,252,3RYS,1ZNU0031,HISTORY,Brilliant Vision Corp,WASB,2019-12-22,2023-03-29,2023-06-03,XRA,2,N,N,N
617,617,3GQJ,9BRZ0455,CLOSED,Tech Strive Enterprises,XEXM,2023-06-21,2023-12-04,2024-01-09,TXS,5,N,N,N
330,330,3IFW,1AHT0982,ACTIVE,,VBCW,2010-09-10,2015-09-30,,XRA,0,N,N,N
549,549,7QNE,7QNE0549,ACTIVE,Dynamic Dynamic Consulting,HERA,2018-12-21,2019-10-25,,ZKV,4,N,N,N
640,640,4WZB,4WZB0640,ACTIVE,Acme Inspiration Consulting,HAYQ,2022-11-05,2023-03-30,,XRA,1,N,N,N
129,129,0OGZ,0OGZ0129,ACTIVE,Ultimate First Technologies,XEXM,2000-09-15,2017-12-31,1992-03-21,XRA,0,Y,Y,Y
237,237,2DOG,2DOG0237,ACTIVE,Brilliant Smart Corp,GLKB,2015-11-06,2023-02-01,,ZKV,4,N,N,N
288,288,8LJA,8LJA0288,HISTORY,Omega Digital Dynamics,VBCW,1992-04-28,2003-07-21,2010-03-19,ZKV,3,N,N,N
850,850,4SIO,4SIO0850,ACTIVE,Swift Sustainable Enterprises,YAKT,2004-12-05,,,TXS,0,N,N,N
85,85,6AFD,6AFD0085,ACTIVE,Excellent Cutting-Edge Innovations,YAKT,2009-11-26,2012-08-11,,ZKV,1,N,N,N
156,156,1UAD,1UAD0156,ACTIVE,Pioneer Innovative Ventures,WASB,1993-10-09,2016-07-18,,ZKV,3,N,N,N
822,822,7TJV,8EGZ0344,ACTIVE,,WASB,2012-03-31,2018-08-20,,TXS,1,N,N,N
100,100,8BEU,8BEU0100,ACTIVE,Acme Sustainable Industries,XEXM,2002-08-14,2019-05-07,,TXS,0,N,N,N
281,281,7CGI,7CGI0281,ACTIVE,Flexible Digital Services,VCKM,2001-11-09,,1990-11-02,ZKV,2,N,Y,Y
751,751,0YQG,3XSH0529,ACTIVE,Pioneer Strategic Ventures,UANS,2017-09-30,2018-10-12,,ZKV,3,N,N,N
